site_id,name,council,event,ea_first_year,ea_last_year,name_tokens,verdict,notes,years_listed,years_site_page,years_checked,site_pages,example_text
5,Trevenson Road Transfer Station,Cornwall,closure,2012,2017,trevenson,unclear,name never found on the archived pages (name may differ),,,2014 2015 2016 2017 2018 2019 2020 2021 2022 2023 2024 2025,,
16,Prince Rock Depot Waste Transfer Station,Plymouth,closure,2012,2019,prince rock,likely closure (never listed afterwards),"not on any list checked (2022 to 2025); no list from before 2020 to compare, and the council may use a different name",,,2022 2023 2024 2025,,
18,Deep Moor Landfill,Devon,closure,2012,2017,deep moor,still open after EA records end,,2011 2012 2013 2015 2016 2019 2020 2021 2022 2023 2024 2025,2011 2012 2013 2015 2016 2019 2020 2021 2022 2023 2024 2025,2011 2012 2013 2015 2016 2017 2019 2020 2021 2022 2023 2024 2025,devon.gov.uk/wasteandrecycling/centre/deep-moor-recycling-centre (last ok 20251009) | devon.gov.uk/index/environmentplanning/recycling/recycling_centres/deep_moor.htm (last ok 20151004) | devon.gov.uk:80/index/environmentplanning/recycling/recycling_centres/deep_moor.htm (last ok 20160326)," deep moor recycling centre - waste and recycling skip to content waste and recycling reduce, reuse, recycle you are here"
21,Crowndale Transfer Station & Civic Amenity Site,Devon,closure,2012,2018,crowndale,still open after EA records end,,2011 2012 2013 2014 2015 2016 2019 2020 2021 2022 2023 2024 2025,2011 2012 2013 2014 2015 2016 2019 2020 2021 2022 2023 2024 2025,2011 2012 2013 2014 2015 2016 2017 2019 2020 2021 2022 2023 2024 2025,devon.gov.uk/wasteandrecycling/centre/crowndale-recycling-centre (last ok 20251116) | devon.gov.uk/index/environmentplanning/recycling/recycling_centres/crowndale.htm (last ok 20160331) | devon.gov.uk/communities/assets/crowndale-recycling-centre (last ok 20250414), crowndale recycling centre - waste and recycling skip to content devon county council menu council updates devon news de
25,Lyndown Civic Amenity Site,Devon,closure,2012,2014,lyndown,still open after EA records end,,2011 2012 2013 2020 2021 2025,2011 2012 2013 2020 2021 2025,2011 2012 2013 2017 2019 2020 2021 2022 2023 2024 2025,devon.gov.uk/index/environmentplanning/recycling/recycling_centres/lyndown.htm (last ok 20130616) | devon.gov.uk/communities/assets/lyn-down-recycling-centre (last ok 20250418) | devon.gov.uk:80/index/environmentplanning/recycling/recycling_centres/lyndown.htm (last ok 20120407),
36,Clay Flats Workington C A,Cumberland,closure,2012,2018,clay flats,still open after EA records end,,2024 2025,2024 2025,2022 2024 2025,cumberland.gov.uk/bins-recycling-and-street-cleaning/recycling/find-household-waste-recycling-centre/workington-clay-flatts-household-waste-recycling-centre (last ok 20250517),
41,Woods Farm Civic Amenity Site,Devon,closure,2012,2013,woods,closure unclear,,2011 2012 2013 2014 2015 2016 2020 2021,2011 2012 2013 2014 2015 2016 2020 2021,2011 2012 2013 2014 2015 2016 2017 2019 2020 2021 2022 2023 2024 2025,devon.gov.uk:80/index/environmentplanning/recycling/recycling_centres/woods_farm_sidmouth.htm (last ok 20151218) | devon.gov.uk/index/environmentplanning/recycling/recycling_centres/woods_farm_sidmouth.htm (last ok 20160331) | devon.gov.uk/communities/assets/woods-farm-recycling-centre (last ok 20211024),
62,Ambleside C A,Sefton,closure,2012,2018,ambleside,unclear,name never found on the archived pages (name may differ),,,2013 2014 2015 2016 2017 2018 2019 2020 2021 2022 2023 2024 2025,,
65,Middlezoy Community Recycling Site,Somerset,closure,2012,2014,middlezoy,likely closure (never listed afterwards),"not on any list checked (2023 to 2025); no list from before 2015 to compare, and the council may use a different name",,,2023 2024 2025,,
79,Bridport B H W S,Dorset,closure,2012,2015,bridport,still open after EA records end,,2016 2020 2021 2025,2016 2020 2021,2016 2017 2020 2021 2022 2023 2024 2025,dorsetcouncil.gov.uk/bins-recycling-and-litter/recycling-centres-and-banks/bridport-household-recycling-centre.aspx (last ok 20210514) | dorsetcouncil.gov.uk/bins-recycling-and-litter/recycling-centres-and-banks/morrisons-bridport-recycling-bank.aspx (last ok 20210510) | dorsetforyou.gov.uk/recycling-centres/household/bridport (last ok 20161231),"ee high use from residents outside dorset. other hrcs at wimborne, wareham, and bridport will also contribute to further savings. there are potentially hundreds of thousands of pounds to be saved with"
97,Coder Road Transfer Station,Shropshire,closure,2012,2014,coder,still open after EA records end,,2012 2013 2014 2019 2020 2022 2023 2024 2025,2014 2019 2020 2022 2023 2024 2025,2012 2013 2014 2015 2016 2017 2018 2019 2020 2021 2022 2023 2024 2025,newsroom.shropshire.gov.uk/2014/01/coder-road-amenity-skip-and-recycling-centre-in-ludlow-to-close (last ok 20250810) | shropshire.gov.uk/news/2014/01/coder-road-amenity-skip-and-recycling-centre-in-ludlow-to-close (last ok 20140811),"es have less usage.” there is also a small amenity skip and recycling centre at coder road, ludlow, shropshire sy8 1xe. opening hurs for this site are 12noon – 8pm, all year round, tuesdays to fridays"
99,"Rotherwas Household Waste Site, Transfer Station & M R F","Herefordshire, County of",closure,2012,2018,rotherwas,still open after EA records end,,2020 2021 2022 2023 2024 2025,,2012 2013 2014 2015 2019 2020 2021 2022 2023 2024 2025,,"esday, saturday and sunday book to visit bromyard hrc hereford hrc chapel road, rotherwas, hereford no booking required 8am to 6pm - 7 days per week kington hrc eardisley road, kington open for pre-bo"
102,Orrell Yard,Wigan,closure,2012,2012,orrell yard,closure unclear,,2011,2011,2011 2012,wigan.gov.uk:80/news/orrellhouseholdwasterecyclingcentre.htm (last ok 20110815),
103,Farington Temporary H W R C,Lancashire,closure,2012,2012,farington temporary,still open after EA records end,,2013 2014 2015 2016 2017 2018 2019 2020 2021 2022 2024 2025,2013 2014 2015 2016 2017 2018 2019 2020 2021 2022 2024 2025,2013 2014 2015 2016 2017 2018 2019 2020 2021 2022 2023 2024 2025,lancashire.gov.uk/waste-and-recycling/recycling-centres/farington (last ok 20251224) | lancashire.gov.uk:80/waste-and-recycling/recycling-centres/farington.aspx (last ok 20180117) | new.lancashire.gov.uk:80/waste-and-recycling/recycling-centres/farington.aspx (last ok 20140916),ll) recycling centre barnoldswick burnley burscough carnforth chorley clitheroe farington fleetwood garstang (crrc) haslingden (duckworth clough) lancaster longridge lytham preston skelmersdale keep u
110,Tenbury Household Waste Site,Worcestershire,closure,2012,2017,tenbury,still open after EA records end,,2018 2023 2024 2025,2018 2024 2025,2018 2022 2023 2024 2025,worcestershire.gov.uk/lets-waste-less/household-recycling-centres/household-recycling-centres-worcestershire/tenbury-wells-household-recycling-centre (last ok 20250625) | worcestershire.gov.uk:80/letswasteless/directory_record/10/tenbury_wells/category/2/household_recycling_centres_in_worcestershire (last ok 20180111),llow road kidderminster malvern pershore (hill & moor) redditch 1 4 stourport 2 tenbury upton bromyard hereford (rotherwas) 7 1 ledbury 1 leominster ross-on-wye 1 kington total 9 8 household recycling
115,Kirkless Recycling Centre,Wigan,closure,2012,2016,kirkless,closure unclear,,2012,,2012,,"ough's household waste recycling centres your household waste recycling centres kirkless, makerfield way, higher ince, wn2 2pr please note - essential maintenance work will commence on the 24th of apr"
116,Blackrod H W R C,Bolton,closure,2012,2013,blackrod,confirmed closure,"last listed 2011, missing from 2014",2011,,2011 2012 2013 2014 2015 2016 2017 2018 2019 2020 2021 2022 2023 2024 2025,,"d subsequently will involve closing lester road, salford and blackhorse street, blackrod, bolton. the date for the closures is yet to be finalised. about us | contact us | terms of use | privacy polic"
117,Dimmer Household Waste Recycling Centre,Somerset,closure,2012,2018,dimmer,still open after EA records end,,2023 2024 2025,,2023 2024 2025,,"ay 9:00am - 6:00pm saturday 9:00am - 4:00pm sunday 9:00am - 4:00pm castle cary (dimmer) recycling centre address castle cary recycling centre, dimmer lane, castle cary ba7 7jb, uk opening times today "
127,Ketley Civic Amenity Site,Telford and Wrekin,closure,2012,2016,ketley,closure unclear,,2012 2014 2015 2016,2012 2014 2015 2016,2012 2014 2015 2016,telford.gov.uk:80/directory_record/4013/ketley_community_recycling_centre_crc (last ok 20160912) | telford.gov.uk/directory_record/11249/ketley_community_recycling_centre_crc (last ok 20140729) | telford.gov.uk:80/directory_record/11019/ketley_community_recycling_centre_crc (last ok 20120404),
132,Chanters Civic Amenity Site,Westmorland and Furness,closure,2012,2015,chanters,likely closure (never listed afterwards),"not on any list checked (2022 to 2025); no list from before 2016 to compare, and the council may use a different name",,,2022 2023 2024 2025,,
135,Coleford Community Recycling Site,Somerset,closure,2012,2014,coleford,likely closure (never listed afterwards),"not on any list checked (2023 to 2025); no list from before 2015 to compare, and the council may use a different name",,,2023 2024 2025,,
136,Middlewich Household Waste Site,Cheshire East,closure,2012,2024,middlewich,closure unclear,,2021,2021,2021,cheshireeast.gov.uk/council_and_democracy/council_information/public_notices/open-space-disposal/disposal-of-land-at-middlewich-household-waste-recycling-centre.aspx (last ok 20211103),
138,Roman Road Transfer Station,Blackburn with Darwen,closure,2012,2015,roman,likely closure (never listed afterwards),"not on any list checked (2019 to 2024); no list from before 2016 to compare, and the council may use a different name",,,2019 2020 2021 2022 2023 2024,,
141,Lester Road H W R C,Salford,closure,2012,2013,lester,confirmed closure,"last listed 2011, missing from 2014",2011,,2011 2012 2013 2014 2015 2016 2017 2018 2019 2020 2021 2022 2023 2024 2025,,"salford road, over hulton bolton bl5 1dd) and subsequently will involve closing lester road, salford and blackhorse street, blackrod, bolton. the date for the closures is yet to be finalised. about us"
146,Boysnope Wharf Household Waste Recycling Centre,Salford,closure,2012,2022,boysnope wharf,still open after EA records end,,2020 2021 2022 2023 2024 2025,2020 2021 2022 2023 2024 2025,2011 2012 2013 2014 2015 2016 2017 2018 2019 2020 2021 2022 2023 2024 2025,recycleforgreatermanchester.com/recycle-centre/boysnope-wharf-recycling-centre (last ok 20251006) | recycleforgreatermanchester.com/nearly-800-fires-a-year-caused-by-electrical-appliances-new-figures-reveal/boysnope_wharf_hwrc (last ok 20230607) | recycleforgreatermanchester.com/recycle-centre/boysnope-wharf-recycling-centre/boysnope_wharf_hwrc_large_map (last ok 20230324),"clifton, m27 8ln suitable for: vehicles under 2 metres more info get directions boysnope wharf recycling centre liverpool road, eccles, m30 7rh suitable for: vehicles under 2 metres more info get dire"
148,Heys Lane  H W D C,Lancashire,closure,2012,2012,heys,likely closure (never listed afterwards),"not on any list checked (2013 to 2025); no list from before 2013 to compare, and the council may use a different name",,,2013 2014 2015 2016 2017 2018 2019 2020 2021 2022 2023 2024 2025,,
149,Newport Civic Amenity Site,Telford and Wrekin,closure,2012,2012,newport,still open after EA records end,,2011 2012 2015,2011 2012 2015,2011 2012 2015,telford.gov.uk/press/article/264/council_to_create_new_recycling_centre_for_newport_in_changes_to_crcs (last ok 20120516) | telford.gov.uk/news/article/1771/council_to_create_new_recycling_centre_for_newport_in_changes_to_crcs (last ok 20150611),
150,Sinderland Road Household Waste Recycling Centre,Trafford,closure,2012,2022,sinderland / woodhouse,still open after EA records end,,2011 2020 2021 2022 2023 2024 2025,2011 2020 2021 2022 2023 2024 2025,2011 2012 2013 2014 2015 2016 2017 2018 2019 2020 2021 2022 2023 2024 2025,recycleforgreatermanchester.com/recycle-centre/woodhouse-lane-recycling-centre (last ok 20251109) | recycleforgreatermanchester.com/recycle-centre/woodhouse-lane-recycling-centre/microsoftteams-image-9 (last ok 20230320) | recycleforgreatermanchester.com/recycle-centre/woodhouse-lane-recycling-centre/woodhouse_hwrc_large_map (last ok 20230402)," contact us search menu recycling centres woodhouse lane recycling centre, (off sinderland road), altrincham, wa14 5tb suitable for: vehicles under 2 metres more info get directions chester road recyc"
151,Barnsley Lane H W R C,Shropshire,closure,2012,2012,barnsley,unclear,name never found on the archived pages (name may differ),,,2012 2013 2014 2015 2016 2017 2018 2019 2020 2021 2022 2023 2024 2025,,
155,Cemetery Road Household Waste Recycling Centre,Bury,closure,2012,2024,cemetery,still open after EA records end,,2017 2018 2019 2020 2021 2022 2023 2024 2025,2017 2018 2019 2020 2021 2022 2023 2024 2025,2011 2012 2013 2014 2015 2016 2017 2018 2019 2020 2021 2022 2023 2024 2025,recycleforgreatermanchester.com/recycle-centre/cemetery-road-recycling-centre (last ok 20251006) | recycleforgreatermanchester.com:80/recycle-centre/cemetery-road-recycling-centre (last ok 20180117) | recycleforgreatermanchester.com/recycle-centre/cemetery-road-recycling-centre/cemetery_road_hwrc_large_map (last ok 20230323)," , every street, bury, bl9 5be radcliffe household waste and recycling centre , cemetery road, radcliffe, m26 4ft the bury and radcliffe centres are open 7 days a week, from: 8am until 8pm in summer 8"
157,Arclid Household Waste Recycling Centre,Cheshire East,closure,2012,2017,arclid,unclear,no archived list page found,,,,,
161,Lumns Lane Household Waste Recycling Centre,Salford,closure,2012,2022,lumns,still open after EA records end,,2011 2017 2019 2020 2021 2022 2023 2024 2025,2011 2017 2019 2020 2021 2022 2023 2024 2025,2011 2012 2013 2014 2015 2016 2017 2018 2019 2020 2021 2022 2023 2024 2025,recycleforgreatermanchester.com/recycle-centre/lumns-lane-recycling-centre (last ok 20251215) | recycleforgreatermanchester.com/recycle-centre/lumns-lane-recycling-centre/lumns_lane_hwrc_large_map (last ok 20230602) | recycleforgreatermanchester.com/recycle-centre/lumns-lane-recycling-centre/lumns_lane_hwrc_small_map (last ok 20230529)," marple, sk6 6hu suitable for: vehicles under 2 metres more info get directions lumns lane recycling centre lumns lane, clifton, m27 8ln suitable for: vehicles under 2 metres more info get directions "
162,Chester Road Civic Amenity Site,Trafford,closure,2012,2015,chester,still open after EA records end,,2011 2012 2013 2014 2015 2016 2017 2018 2019 2020 2021 2022 2023 2024 2025,2011 2012 2013 2014 2015 2016 2017 2018 2019 2020 2021 2022 2023 2024 2025,2011 2012 2013 2014 2015 2016 2017 2018 2019 2020 2021 2022 2023 2024 2025,recycleforgreatermanchester.com (last ok 20251231) | recycleforgreatermanchester.com:80 (last ok 20180112) | upandforward.recycleforgreatermanchester.com (last ok 20240520),(matched with spaces removed) chester
171,Rakehead Lane Civic Amenity Site,Lancashire,closure,2012,2012,rakehead,likely closure (never listed afterwards),"not on any list checked (2013 to 2025); no list from before 2013 to compare, and the council may use a different name",,,2013 2014 2015 2016 2017 2018 2019 2020 2021 2022 2023 2024 2025,,
173,Congleton Household Waste Site,Cheshire East,closure,2012,2021,congleton,closure unclear,,2011 2021,2011 2021,2011 2021,cheshireeast.gov.uk/council_and_democracy/council_information/media_hub/media_releases/information-bulletin-advance-notice-closure-of-congleton-household-waste-recycling-centre.aspx (last ok 20210803) | cheshireeast.gov.uk:80/waste_and_recycling/refuse_recycling_collections/congleton_waste_collections.aspx (last ok 20110427) | cheshireeast.gov.uk:80/waste_and_recycling/refuse_recycling_collections/congleton_waste_collections/household_waste_collection.aspx (last ok 20110429),
181,Pendle T S,Lancashire,closure,2012,2012,pendle,likely closure (never listed afterwards),"not on any list checked (2013 to 2025); no list from before 2013 to compare, and the council may use a different name",,,2013 2014 2015 2016 2017 2018 2019 2020 2021 2022 2023 2024 2025,,
182,Middleton Civic Amenity Site,Rochdale,closure,2012,2020,middleton / spring vale,still open after EA records end,,2012 2014 2017 2020 2021 2022 2023 2024 2025,2014 2017 2020 2021 2022 2023 2024 2025,2011 2012 2013 2014 2015 2016 2017 2018 2019 2020 2021 2022 2023 2024 2025,recycleforgreatermanchester.com/recycle-centre/spring-vale-recycling-centre (last ok 20251214) | recycleforgreatermanchester.com/recycle-centre/spring-vale-recycling-centre/spring_vale_hwrc_large_map (last ok 20230329) | recycleforgreatermanchester.com/recycle-centre/spring-vale-recycling-centre/spring_vale_hwrc_small_map (last ok 20230323),"e items and where possible they will be used for energy recovery . spring vale, middleton view larger map this centre has been updated to make recycling even easier. the centre is open all year (excep"
185,Adswood Road Household Waste Recycling Centre,Stockport,closure,2012,2019,adswood,still open after EA records end,,2011 2012 2014 2017 2018 2019 2020 2021 2022 2023 2024 2025,2011 2012 2014 2017 2018 2019 2020 2021 2022 2023 2024 2025,2011 2012 2013 2014 2015 2016 2017 2018 2019 2020 2021 2022 2023 2024 2025,recycleforgreatermanchester.com/recycle-centre/adswood-road-recycling-centre (last ok 20250915) | recycleforgreatermanchester.com:80/recycle-centre/adswood-road-recycling-centre (last ok 20180125) | recycleforgreatermanchester.com/recycle-centre/adswood-road-recycling-centre/adswood_hwrc_large_map (last ok 20230607), recycle for greater manchester | adswood road recycling centre in cheadle hulme : recycle for greater manchester about us news campaigns blog events cont
187,Sandfold Lane Civic Amenity Site,Manchester,closure,2012,2019,sandfold,still open after EA records end,,2011 2012 2013 2014 2015 2016 2017 2018 2019 2020 2021 2022 2023 2024 2025,2011 2012 2013 2014 2015 2016 2017 2018 2020 2021 2022 2023 2024 2025,2011 2012 2013 2014 2015 2016 2017 2018 2019 2020 2021 2022 2023 2024 2025,recycleforgreatermanchester.com/recycle-centre/sandfold-lane-recycling-centre (last ok 20251006) | manchester.gov.uk:80/directory_record/145434/sandfold_lane_hwrc_tip_levenshulme/category/1168/recycling_sites (last ok 20180709) | manchester.gov.uk:80/directory_record/145434/sandfold_lane_hwrc_tip_levenshulme (last ok 20180718)," longley lane, sharston (tip) hwrc - reliance street, newton heath (tip) hwrc - sandfold lane, levenshulme (tip) next top emergency numbers | find your councillor | news | public consultations | counc"
189,All Seasons Ind Est,Dorset,closure,2012,2016,seasons,unclear,name never found on the archived pages (name may differ),,,2016 2017 2020 2021 2022 2023 2024 2025,,
190,Ash Road Household Waste Recycling Centre,Tameside,closure,2012,2019,ash,still open after EA records end,,2011 2012 2013 2014 2015 2016 2017 2019 2020 2021 2022 2023 2024 2025,2020 2021 2022 2023 2024 2025,2011 2012 2013 2014 2015 2016 2017 2018 2019 2020 2021 2022 2023 2024 2025,recycleforgreatermanchester.com/recycle-centre/ash-road-recycling-centre (last ok 20251006) | recycleforgreatermanchester.com/recycle-centre/ash-road-recycling-centre/ash_road_hwrc_small_map (last ok 20230329) | recycleforgreatermanchester.com/submissions/ash/arcade (last ok 20230320),"bridge, sk15 1pz suitable for: vehicles under 2 metres more info get directions ash road recycling centre ash road, droylsden, m43 6qu suitable for: vehicles under 2 metres more info get directions ad"
191,Rainford H W R C,Rochdale,closure,2012,2014,rainford,unclear,name never found on the archived pages (name may differ),,,2011 2012 2013 2014 2015 2016 2017 2018 2019 2020 2021 2022 2023 2024 2025,,
201,Bollington Household Waste Site,Cheshire East,closure,2012,2024,bollington,unclear,no archived list page found,,,,,
208,"Bredbury Parkway H W R C, T L S, I V C & M B T Facility",Stockport,closure,2012,2014,bredbury parkway,still open after EA records end,,2017 2018 2019 2020 2021 2022 2023 2024 2025,2017 2019 2020 2021 2022 2023 2024 2025,2011 2012 2013 2014 2015 2016 2017 2018 2019 2020 2021 2022 2023 2024 2025,recycleforgreatermanchester.com/recycle-centre/bredbury-parkway-recycling-centre (last ok 20251006) | recycleforgreatermanchester.com:80/recycle-centre/bredbury-parkway-recycling-centre (last ok 20171109) | recycleforgreatermanchester.com/recycle-centre/bredbury-parkway-recycling-centre/bredbury_hwrc_large_map (last ok 20230605),"n reliance street, newton heath arkwright sreet chichester street cobden street bredbury parkway, bredbury bayley street, stalybridge you will need to take your recent council tax bill or utility bill"
209,Poynton Civic Amenity Site,Cheshire East,closure,2012,2024,poynton,unclear,no archived list page found,,,,,
212,Rosehill Household Waste Recycling Centre,Stockport,closure,2012,2019,rosehill,still open after EA records end,,2019 2020 2021 2022 2023 2024 2025,2020 2021 2022 2023 2024 2025,2011 2012 2013 2014 2015 2016 2017 2018 2019 2020 2021 2022 2023 2024 2025,recycleforgreatermanchester.com/recycle-centre/rose-hill-recycling-centre (last ok 20251109) | stockport.gov.uk/news/rose-hill-tip-to-reopen-as-recycle-for-greater-manchester-allow-more-items (last ok 20221004) | recycleforgreatermanchester.com/recycle-centre/rose-hill-recycling-centre/rose_hill_hwrc_large_map (last ok 20230327),(matched with spaces removed) rosehill
224,Nuffield Waste Transfer Station & Civic Amenity Site,"Bournemouth, Christchurch and Poole",closure,2012,2018,nuffield,still open after EA records end,,2016 2025,,2016 2017 2024 2025,," view a map of all available locations. poole recycling centre address 92 to 98 nuffield road poole bh17 0rs opening times our recycling centres are open on bank holidays (excluding christmas day, box"
231,Sugden End H W S,Bradford,closure,2012,2024,sugden,confirmed closure,"last listed 2024, missing from 2025",2020 2021 2022 2024,2020 2021 2022 2024,2016 2017 2019 2020 2021 2022 2023 2024 2025,bradford.gov.uk/recycling-and-waste/household-waste-recycling-centres/household-waste-recycling-centres/sugden-end-hwrc (last ok 20240225),
241,Uttoxeter Household Waste Recycling Centre,Staffordshire,closure,2012,2016,uttoxeter,still open after EA records end,,2011 2012 2014 2015 2016 2019 2020 2021 2022 2023 2024 2025,2011 2012 2014 2015 2016 2019 2020 2021 2022 2023 2024 2025,2011 2012 2014 2015 2016 2019 2020 2021 2022 2023 2024 2025,staffordshire.gov.uk/waste-and-recycling/recyclingcentres/uttoxeterrecyclingcentre.aspx (last ok 20251211) | staffordshire.gov.uk:80/environment/rubbishwasteandrecycling/recyclingcentres/uttoxeterrecyclingcentre.aspx (last ok 20150520) | staffordshire.gov.uk/environment/rubbishwasteandrecycling/recyclingcentres/uttoxeterrecyclingcentre.aspx (last ok 20160401),
242,Ford Hill Household Waste Site,Bradford,closure,2012,2024,ford hill,still open after EA records end,,2016 2017 2019 2020 2022 2023 2024 2025,2020 2022 2024,2016 2017 2019 2020 2022 2023 2024 2025,bradford.gov.uk/recycling-and-waste/household-waste-recycling-centres/household-waste-recycling-centres/ford-hill-hwrc (last ok 20240225),(matched with spaces removed) ford hill
248,Golden Butts Household Waste Recycling Centre,Bradford,closure,2012,2024,golden butts,confirmed closure,"last listed 2024, missing from 2025",2020 2021 2022 2024,2020 2021 2022 2024,2016 2017 2019 2020 2021 2022 2023 2024 2025,bradford.gov.uk/recycling-and-waste/household-waste-recycling-centres/household-waste-recycling-centres/golden-butts-hwrc (last ok 20240225),
252,Brooms Dene Household Waste Disposal Compound,County Durham,closure,2012,2013,brooms dene,unclear,no archived list page found,,,,,
253,Fitzwilliam H W R C,Kirklees,closure,2012,2015,fitzwilliam,unclear,no archived list page found,,,,,
254,Cragwood Household Waste Disposal Compound,County Durham,closure,2012,2013,cragwood disposal,unclear,no archived list page found,,,,,
258,"Ranmore Road C A , Dorking",Wiltshire,closure,2012,2012,ranmore dorking,likely closure (never listed afterwards),"not on any list checked (2015 to 2025); no list from before 2013 to compare, and the council may use a different name",,,2015 2016 2017 2018 2019 2020 2021 2022 2023 2024 2025,,
269,Everleigh Household Recycling Centre,Wiltshire,closure,2012,2018,everleigh,closure unclear,,2015 2016 2017 2018 2019 2020,2017 2018 2019 2020,2015 2016 2017 2018 2019 2020 2021 2022 2023 2024 2025,wiltshire.gov.uk:80/household-recycling-centres-everleigh (last ok 20200222) | wiltshire.gov.uk:80/news/articles/everleigh-household-recycling-centre-will-close-on-6-november (last ok 20200224) | wiltshire.gov.uk:80/news/articles/everleigh-household-recycling-centre-revised-service (last ok 20171013),"siness park, sp4 7rxâ devizes - hopton industrial estate, london road, sn10 2eu everleigh - pewsey road, everleigh, sn9 5hn honeyball (calne) - hills materials recovery facility, old camp farm, sn11 8"
275,Todhills C A Site,County Durham,closure,2012,2013,todhills,unclear,no archived list page found,,,,,
278,Thorney Down Waste Transfer Station,Wiltshire,closure,2012,2013,thorney down,likely closure (never listed afterwards),"not on any list checked (2015 to 2025); no list from before 2014 to compare, and the council may use a different name",,,2015 2016 2017 2018 2019 2020 2021 2022 2023 2024 2025,,
280,Shildon Transfer Station & Recycling Facility,County Durham,closure,2012,2016,shildon,unclear,no archived list page found,,,,,
282,Catterick Bridge H W R C,North Yorkshire,closure,2012,2018,catterick bridge,still open after EA records end,,2013 2014 2015 2016 2017 2018 2019 2020 2021 2022 2023 2024 2025,2013 2014 2015 2016 2017 2019 2020 2021 2022 2023 2024 2025,2013 2014 2015 2016 2017 2018 2019 2020 2021 2022 2023 2024 2025,northyorks.gov.uk/catterick-bridge-household-waste-recycling-centre (last ok 20230306) | northyorks.gov.uk/bins-recycling-and-waste/household-waste-recycling-centres/find-your-local-household-waste-recycling-centre/catterick-bridge-household-waste-recycling-centre (last ok 20251230) | northyorks.gov.uk:80/article/25406/catterick-bridge-household-waste-recycling-centre (last ok 20170529),le household waste recycling centres burniston household waste recycling centre catterick bridge household waste recycling centre ferrybridge household waste recycling centre harrogate household waste
286,Nab Lane H W S,Kirklees,closure,2012,2018,nab,unclear,no archived list page found,,,,,
292,Shawcross Household Waste Site,Wakefield,closure,2012,2015,shawcross,likely closure (never listed afterwards),"not on any list checked (2019 to 2020); no list from before 2016 to compare, and the council may use a different name",,,2019 2020,,
298,Grendon Household Waste Recycling Centre,Warwickshire,closure,2012,2013,grendon,closure unclear,,2011 2012 2013 2014 2015,2011 2012 2013,2011 2012 2013 2014 2015 2016 2017 2018 2019 2020 2021 2022 2023 2024 2025,warwickshire.gov.uk:80/recyclinggrendon (last ok 20131105) | warwickshire.gov.uk/recyclinggrendon (last ok 20130320) | news.warwickshire.gov.uk:80/alerts/tag/grendon-hwrc (last ok 20130122),"ehold waste recycling centres burton farm, stratford cherry orchard, kenilworth grendon, north warwickshire hunters lane, rugby judkins, nuneaton princes drive, leamington shipston, shipston-on-stour "
311,Stanley Road H W S S,Leeds,closure,2012,2013,stanley,confirmed closure,"last listed 2013, missing from 2019",2011 2012 2013,2011 2012 2013,2011 2012 2013 2019 2020 2021 2022 2023 2024 2025,leeds.gov.uk:80/community_and_living/recycling_rubbish_and_waste/recycling__sites/stanley_road_household_waste_sorting_site.aspx (last ok 20120705) | leeds.gov.uk:80/housing/recycling_rubbish_and_waste/recycling__sites/stanley_road_household_waste_sorting_site.aspx (last ok 20110911) | leeds.gov.uk:80/environment_and_planning/recycling_rubbish_and_waste/recycling__sites/stanley_road_household_waste_sorting_site.aspx (last ok 20110822),
312,Denby Dale Road Transfer Loading Station,Wakefield,closure,2012,2016,denby dale,likely closure (never listed afterwards),"not on any list checked (2019 to 2020); no list from before 2017 to compare, and the council may use a different name",,,2019 2020,,
313,Stanford Waste Recycling And Reception Centre,Oxfordshire,closure,2012,2018,stanford reception,still open after EA records end,,2016 2017 2019 2020 2021 2022 2023 2024 2025,2016 2017 2019 2020 2021 2022 2023 2024 2025,2011 2012 2013 2016 2017 2018 2019 2020 2021 2022 2023 2024 2025,oxfordshire.gov.uk/residents/environment-and-planning/waste-and-recycling/household-waste/household-waste-recycling-centres/stanford-vale-recycling-centre (last ok 20250114) | oxfordshire.gov.uk/waste-and-recycling/household-waste/household-waste-recycling-centres/stanford-vale-recycling-centre (last ok 20251015) | oxfordshire.gov.uk/cms/content/stanford-vale-household-waste-recycling-centre (last ok 20170305),
328,Chesterfield Household Waste Recycling Centre,Derbyshire,closure,2012,2012,chesterfield,still open after EA records end,,2019 2020 2021 2022 2023 2024 2025,2019 2020 2021 2022 2023 2024 2025,2019 2020 2021 2022 2023 2024 2025,derbyshire.gov.uk/environment/rubbish-waste/recyling-centres/centre-locations/chesterfield/chesterfield-household-waste-recycling-centre.aspx (last ok 20250714) | derbyshire-preview.derbyshire.gov.uk/environment/rubbish-waste/recyling-centres/centre-locations/chesterfield/chesterfield-household-waste-recycling-centre.aspx (last ok 20210624),
329,Welbeck Household Waste Site,Wakefield,closure,2012,2017,welbeck,likely closure (never listed afterwards),"not on any list checked (2019 to 2020); no list from before 2018 to compare, and the council may use a different name",,,2019 2020,,
330,Lount Recycling And Household Waste Site,Leicestershire,closure,2012,2018,lount,still open after EA records end,,2011 2012 2016 2020 2021 2022 2023 2024 2025,2011 2012 2016 2020 2021 2022 2023 2024 2025,2011 2012 2016 2019 2020 2021 2022 2023 2024 2025,leicestershire.gov.uk/environment-and-planning/waste-and-recycling/find-a-recycling-and-household-waste-site/lount-recycling-and-household-waste-site (last ok 20250713) | leicestershire.gov.uk:80/environment-and-planning/waste-and-recycling/find-a-recycling-and-household-waste-site/lount-recycling-and-household-waste-site (last ok 20160925) | leicestershire.gov.uk:80/find-a-recycling-and-household-waste-site/lount-recycling-and-household-waste-site (last ok 20160522),
337,Beach Street Waste Reception Site,Sunderland,closure,2012,2022,beach reception,unclear,name never found on the archived pages (name may differ),,,2019 2020 2021 2022 2023 2024 2025,,
341,Cinder Lane Household Waste Site,Wakefield,closure,2012,2015,cinder,likely closure (never listed afterwards),"not on any list checked (2019 to 2020); no list from before 2016 to compare, and the council may use a different name",,,2019 2020,,
344,South Kirkby Household Waste Recycling Centre,Wakefield,closure,2012,2015,kirkby,confirmed closure,"last listed 2012, missing from 2019",2011 2012,2011 2012,2011 2012 2019 2020,wakefield.gov.uk/environment/wasteandrecycling/householdrecyclingcentres/south+kirkby.htm (last ok 20120906) | wakefield.gov.uk:80/environment/wasteandrecycling/householdrecyclingcentres/south+kirkby.htm (last ok 20120101),
348,Kirkby Household Waste Recycling Centre,Leicestershire,closure,2012,2019,kirkby,unclear,name never found on the archived pages (name may differ),,,2019 2022,,
353,Former Coal Stocking Yard,Derbyshire,closure,2012,2018,coal stocking,unclear,no archived list page found,,,,,
354,Eastleigh H W R C,Hampshire,closure,2012,2016,eastleigh,still open after EA records end,,2011 2012 2013 2014 2015 2016 2020 2021 2022 2023 2024 2025,2011 2012 2013 2014 2015 2016 2020 2021 2022 2023 2024 2025,2011 2012 2013 2014 2015 2016 2019 2020 2021 2022 2023 2024 2025,www3.hants.gov.uk:80/wasteandrecycling/recyclingcentres/hwrc-eastleigh.htm (last ok 20160921) | hants.gov.uk/wasteandrecycling/recyclingcentres/hwrcfinder/eastleigh (last ok 20251015) | hants.gov.uk/transport/transportschemes/tcfeastleightowncentrecycleroute (last ok 20250914),"its per day at peak times** alton 446 552 andover 674 856 basingstoke 752 1,098 eastleigh 538 731 gosport 818 1,025 havant 666 851 segensworth 702 879 waterlooville 659 847 *visitor counts are taken f"
359,Isle Of Wight Waste Recovery Park,Isle of Wight,closure,2012,2016,isle wight,still open after EA records end,,2022 2023 2024 2025,2023 2024 2025,2022 2023 2024 2025,iow.gov.uk/business-and-consumer/trading-standards-service/isle-of-wight-trader-approval-scheme/trader-scheme-member-top-tips (last ok 20250720) | iow.gov.uk/business-and-consumer/trading-standards/isle-of-wight-trader-approval-scheme/trader-scheme-member-top-tips (last ok 20240920) | beta.iow.gov.uk/business-and-consumer/trading-standards/isle-of-wight-trader-approval-scheme/trader-scheme-member-top-tips (last ok 20230330),83 823777 contract management waste & recycling county hall high street newport isle of wight po30 1ud monday to thursday 8.30am to 5.00pm friday 8.30am to 4.30pm home about us contact us cookies acce
363,H W R C  At Garnier Road,Hampshire,closure,2012,2012,garnier,likely closure (never listed afterwards),"not on any list checked (2019 to 2025); no list from before 2013 to compare, and the council may use a different name",,,2019 2020 2021 2022 2023 2024 2025,,
366,Ferrybridge Household Waste Site,Wakefield,closure,2012,2015,ferrybridge,confirmed closure,"last listed 2013, missing from 2019",2011 2012 2013,2011 2012 2013,2011 2012 2013 2019 2020,wakefield.gov.uk:80/environment/wasteandrecycling/householdrecyclingcentres/ferrybridge.htm (last ok 20130119) | wakefield.gov.uk/environment/wasteandrecycling/householdrecyclingcentres/ferrybridge.htm (last ok 20120906),
368,Winchester H W R C,Hampshire,closure,2012,2018,winchester,still open after EA records end,,2011 2012 2013 2014 2015 2016 2019 2020 2021 2022 2023 2024 2025,2011 2012 2013 2014 2015 2016 2020 2021 2022 2023 2024 2025,2011 2012 2013 2014 2015 2016 2019 2020 2021 2022 2023 2024 2025,www3.hants.gov.uk:80/waste-and-recycling/hwrcs-2/find-hwrc/environment-waste__amp__recycling-winchester_hwrc.htm (last ok 20150521) | www3.hants.gov.uk/waste-and-recycling/hwrcs-2/find-hwrc/environment-waste__amp__recycling-winchester_hwrc.htm (last ok 20150402) | hants.gov.uk/wasteandrecycling/recyclingcentres/hwrcfinder/winchester (last ok 20250917),il supplier services employee self service web accessibility contact the castle winchester so23 8uj accessibility privacy disclaimer 
394,Beckfield Lane Household Amenity Site,York,closure,2012,2012,beckfield,likely closure (never listed afterwards),"not on any list checked (2020 to 2024); no list from before 2013 to compare, and the council may use a different name",,,2020 2024,,
395,Worksop Waste Transfer Station,Nottinghamshire,closure,2012,2012,worksop,still open after EA records end,,2011 2012 2013 2016 2017 2018 2019 2020 2021 2022 2023 2024 2025,2016 2017 2018 2019 2020 2021 2022 2023 2024 2025,2011 2012 2013 2014 2015 2016 2017 2018 2019 2020 2021 2022 2023 2024 2025,nottinghamshire.gov.uk:80/waste-and-recycling/recycling-centres/details/worksop (last ok 20181212) | nottinghamshire.gov.uk/waste-and-recycling/recycling-centres/details/worksop (last ok 20251118)," lane, warsop, ng20 0jg west bridgford hwrc rugby road, west bridgford, ng2 7ha worksop hwrc shireoaks road, worksop, s80 3ha you can recycle... the following items can be recycled o n site: glass pap"
398,Warrenby Waste Transfer Station,Redcar and Cleveland,closure,2012,2014,warrenby,likely closure (never listed afterwards),"not on any list checked (2022 to 2025); no list from before 2015 to compare, and the council may use a different name",,,2022 2024 2025,,
401,Paices Hill Civic Amenity Site,West Berkshire,closure,2012,2013,paices hill,likely closure (never listed afterwards),"not on any list checked (2019 to 2025); no list from before 2014 to compare, and the council may use a different name",,,2019 2020 2021 2022 2023 2024 2025,,
404,Calverton Household Waste Recycling Centre,Nottinghamshire,closure,2012,2014,calverton,still open after EA records end,,2011 2012 2013 2016 2017 2018 2019 2020 2021 2022 2023 2024 2025,2016 2017 2018 2019 2020 2021 2022 2023 2024 2025,2011 2012 2013 2014 2015 2016 2017 2018 2019 2020 2021 2022 2023 2024 2025,nottinghamshire.gov.uk:80/waste-and-recycling/recycling-centres/details/calverton (last ok 20181113) | nottinghamshire.gov.uk/waste-and-recycling/recycling-centres/details/calverton (last ok 20251113),"ac grove, beeston, ng9 1pf bilsthorpe hwrc brailwood road, bilsthorpe, ng22 8ua calverton hwrc hollinwood lane, calverton, ng14 6nr fiskerton hwrc fiskerton road, southwell, ng25 0th giltbrook hwrc gi"
406,Bridge Road C A Site,Leicester,closure,2012,2015,bridge,confirmed closure,"last listed 2015, missing from 2016",2011 2012 2013 2014 2015,,2011 2012 2013 2014 2015 2016 2017 2019 2020 2021 2022 2023 2024 2025,,"domestic household materials from the property where they live. important news: bridge road community recycling centre will be closed to the public for one day on wednesday, 11th may for essential dra"
419,Waterlooville H W R C,Hampshire,closure,2012,2013,waterlooville,still open after EA records end,,2011 2012 2013 2014 2015 2016 2019 2020 2021 2022 2023 2024 2025,2011 2012 2013 2014 2015 2016 2019 2020 2021 2022 2023 2024 2025,2011 2012 2013 2014 2015 2016 2019 2020 2021 2022 2023 2024 2025,hants.gov.uk/wasteandrecycling/recyclingcentres/hwrcfinder/waterlooville (last ok 20251011) | www3.hants.gov.uk/waste-and-recycling/hwrcs-2/find-hwrc/environment-waste__amp__recycling-waterlooville_hwrc.htm (last ok 20150402) | www3.hants.gov.uk:80/waste-and-recycling/hwrcs-2/find-hwrc/environment-waste__amp__recycling-waterlooville_hwrc.htm (last ok 20150529),"52 1,098 eastleigh 538 731 gosport 818 1,025 havant 666 851 segensworth 702 879 waterlooville 659 847 *visitor counts are taken from the anpr (automatic number plate recognition) data april 2017 - apr"
425,Fiskerton Household Waste Recycling Centre,Nottinghamshire,closure,2012,2015,fiskerton,confirmed closure,"last listed 2015, missing from 2016",2011 2012 2013 2015,2015,2011 2012 2013 2014 2015 2016 2017 2018 2019 2020 2021 2022 2023 2024 2025,nottinghamshire.gov.uk/pressreleases/show/fiskerton-recycling-centre-closes (last ok 20150921)," road, bilsthorpe, ng22 8ua calverton hwrc hollinwood lane, calverton, ng14 6nr fiskerton hwrc fiskerton road, southwell, ng25 0th giltbrook hwrc gilthill, giltbrook, ng16 5lz hucknall hwrc wigwam lan"
428,Langar Household Waste Recycling Centre,Nottinghamshire,closure,2012,2015,langar,confirmed closure,"last listed 2015, missing from 2016",2011 2012 2013 2015,2015,2011 2012 2013 2014 2015 2016 2017 2018 2019 2020 2021 2022 2023 2024 2025,nottinghamshire.gov.uk/pressreleases/show/langar-recycling-centre-to-close-at-the-end-of-the-month (last ok 20150327),"rkby hwrc sidings road, lowmoor industrial estate, kirkby-in-ashfield, ng17 7jz langar hwrc coach gap lane, langar, ng13 9hp mansfield hwrc kestral park, kestral road, mansfield, ng18 5ft newark hwrc "
435,Worksop Civic Amenity Site,Nottinghamshire,closure,2012,2018,worksop,still open after EA records end,,2011 2012 2013 2016 2017 2018 2019 2020 2021 2022 2023 2024 2025,2016 2017 2018 2019 2020 2021 2022 2023 2024 2025,2011 2012 2013 2014 2015 2016 2017 2018 2019 2020 2021 2022 2023 2024 2025,nottinghamshire.gov.uk:80/waste-and-recycling/recycling-centres/details/worksop (last ok 20181212) | nottinghamshire.gov.uk/waste-and-recycling/recycling-centres/details/worksop (last ok 20251118)," lane, warsop, ng20 0jg west bridgford hwrc rugby road, west bridgford, ng2 7ha worksop hwrc shireoaks road, worksop, s80 3ha you can recycle... the following items can be recycled o n site: glass pap"
436,Hambrook Mobile Civic Amenity Site,West Sussex,closure,2012,2016,hambrook mobile,likely closure (never listed afterwards),"not on any list checked (2021 to 2025); no list from before 2017 to compare, and the council may use a different name",,,2021 2022 2023 2024 2025,,
443,Somerby C A Site,Leicestershire,closure,2012,2021,somerby,still open after EA records end,,2011 2012 2016 2019 2020 2021 2022 2023 2024 2025,2011 2012 2016 2019 2020 2021 2022 2023 2024 2025,2011 2012 2016 2019 2020 2021 2022 2023 2024 2025,leicestershire.gov.uk/environment-and-planning/waste-and-recycling/find-a-recycling-and-household-waste-site/somerby-recycling-and-household-waste-site (last ok 20240917) | leicestershire.gov.uk/environment-and-planning/waste-and-recycling/find-a-recycling-and-household-waste-site/somerby-recycling-and-household-waste-site-closed (last ok 20250426) | leicestershire.gov.uk/index/environment/waste/recycling_sites_and_permits/recycling_household_waste_sites/wastesite_somerby/somerby_waste_site_map.htm (last ok 20120901),
447,Gainsborough Household Waste Recycling Centre,Lincolnshire,closure,2012,2015,gainsborough,still open after EA records end,,2011 2012 2014 2015 2016 2020 2021 2022 2023 2024 2025,2011 2012 2014 2015 2016 2020 2021 2022 2023 2024 2025,2011 2012 2014 2015 2016 2020 2021 2022 2023 2024 2025,lincolnshire.gov.uk/gainsborough-recycling-centre (last ok 20250612) | lincolnshire.gov.uk:80/recycle-for-lincolnshire/gainsborough-household-waste-recycling-centre/66973.article (last ok 20160419) | lincolnshire.gov.uk/residents/environment-and-planning/recycling-and-waste/household-waste-recycling-centres-(hwrc)/gainsborough-household-waste-recycling-centre/66973.article (last ok 20121109),ycling centres in lincolnshire: boston recycling centre bourne recycling centre gainsborough recycling centre grantham recycling centre kirkby on bain recycling centre lincoln recycling centre louth r
451,Market Weighton Household Waste Disposal Site,East Riding of Yorkshire,closure,2012,2018,market weighton,likely closure (never listed afterwards),"not on any list checked (2025 to 2025); no list from before 2019 to compare, and the council may use a different name",,,2025,,
465,Whisby Civic Amenity Site,Lincolnshire,closure,2012,2016,whisby,confirmed closure,"last listed 2016, missing from 2020",2011 2012 2013 2014 2015 2016,2011 2012 2013 2014 2015 2016,2011 2012 2013 2014 2015 2016 2020 2021 2022 2023 2024 2025,lincolnshire.gov.uk/residents/environment-and-planning/recycling-and-waste/household-waste-recycling-centres-(hwrc)/whisby-household-waste-recycling-centre/68171.article (last ok 20121108) | lincolnshire.gov.uk:80/whisby-household-waste-recycling-centre/68171.article (last ok 20160302) | lincolnshire.gov.uk:80/residents/environment-and-planning/recycling-and-waste/household-waste-recycling-centres-(hwrc)/whisby-household-waste-recycling-centre/68171.article (last ok 20130708),
466,Wollaston Household Recycling Centre,North Northamptonshire,closure,2012,2017,wollaston,likely closure (never listed afterwards),"not on any list checked (2021 to 2025); no list from before 2018 to compare, and the council may use a different name",,,2021 2022 2023 2024 2025,,
468,Wharton Skips Transfer Site,North Yorkshire,closure,2012,2013,wharton skips,unclear,name never found on the archived pages (name may differ),,,2013 2014 2015 2016 2017 2018 2019 2020 2021 2022 2023 2024 2025,,
483,Leadenham Landfill & Household Waste Site - EPR/XP3798NK,Lincolnshire,closure,2012,2021,leadenham,confirmed closure,"last listed 2016, missing from 2022",2011 2012 2013 2014 2015 2016,2011 2012 2013 2014 2015 2016,2011 2012 2013 2014 2015 2016 2020 2021 2022 2023 2024 2025,lincolnshire.gov.uk/residents/environment-and-planning/recycling-and-waste/household-waste-recycling-centres-(hwrc)/leadenham-household-waste-recycling-centre/68163.article (last ok 20121109) | lincolnshire.gov.uk:80/leadenham-household-waste-recycling-centre/68163.article (last ok 20160102) | lincolnshire.gov.uk:80/recycle-for-lincolnshire/leadenham-household-waste-recycling-centre/68163.article (last ok 20150529),
484,"Chalvey Ca, Chalvey, Sl1",Slough,closure,2012,2015,chalvey chalvey,still open after EA records end,,2012 2013 2014 2016 2017 2018 2019 2020 2021 2022 2023 2024 2025,2012 2013 2014 2016 2017 2018 2019 2020 2022 2023 2024 2025,2012 2013 2014 2016 2017 2018 2019 2020 2021 2022 2023 2024 2025,slough.gov.uk:80/bins-and-recycling/acceptance-guidance---chalvey.aspx (last ok 20200129) | slough.gov.uk/household-waste-recycling-centres-waste-transfer-station/household-items-accepted-chalvey-household-waste-recycling-centre (last ok 20251205) | slough.gov.uk/household-waste-recycling-centres-waste-transfer-station/opening-hours-chalvey-household-waste-recycling-centre (last ok 20251205),tion in this section page 1 / 6 you are here: local waste and recycling centres chalvey household waste recycling centre acceptance guidance and items we don't accept items we do accept waste transfer
490,Dunstable Tidy Tip,Central Bedfordshire,closure,2012,2018,dunstable tidy,still open after EA records end,,2020 2021 2024 2025,2020 2021 2024 2025,2020 2021 2024 2025,centralbedfordshire.gov.uk/info/304/household_waste_recycling_centres_tidy_tips/1679/thorn_turn_household_waste_recycling_centre_-_houghton_regis_and_dunstable (last ok 20251111) | centralbedfordshire.gov.uk/directory_record/43116/dunstable_recycling_banks (last ok 20250809),
494,Lyne Lane Civic Amenity Site,Surrey,closure,2012,2018,lyne,still open after EA records end,,2011 2012 2013 2014 2015 2016 2017 2018 2019 2020 2021 2022 2023 2024 2025,2011 2012 2013 2014 2015 2016 2017 2019 2020 2021 2022 2023 2024 2025,2011 2012 2013 2014 2015 2016 2017 2018 2019 2020 2021 2022 2023 2024 2025,surreycc.gov.uk/waste-and-recycling/community-recycling-centres/lyne (last ok 20251012) | surreycc.gov.uk:80/environment-housing-and-planning/waste-and-recycling/where-to-take-your-waste-and-recycling/community-recycling-centres-household-waste-and-recycling-centres/lyne-community-recycling-centre (last ok 20160901) | surreycc.gov.uk/environment-housing-and-planning/waste-and-recycling/where-to-take-your-waste-and-recycling/community-recycling-centres/lyne-community-recycling-centre (last ok 20130619),nd transfer station leatherhead community recycling centre and transfer station lyne community recycling centre sunbury community recycling centre and transfer station warlingham community recycling c
510,Hemel Hempstead H W R C,Hertfordshire,closure,2012,2015,hemel hempstead,still open after EA records end,,2016 2019 2020 2021 2022 2023 2024 2025,2016 2019 2020 2021 2022 2023 2024 2025,2016 2019 2020 2021 2022 2023 2024 2025,hertfordshire.gov.uk/services/recycling-waste-and-environment/recycling-and-waste/where-can-i-recycle/household-waste-recycling-centres/hemel-hempstead-household-waste-recycling-centre.aspx (last ok 20251213) | hertfordshire.gov.uk:80/services/envplan/waste/wasteaware/yrservices/hwrc/hwrc2/hemel (last ok 20161016) | hertfordshire.gov.uk/services/recycling-waste-and-environment/countryside-management/walking-events/current/dacorum-health-walks-may-aug-2018/gadebridge-park-hemel-hempstead-monday-grade-2.aspx (last ok 20191014),
511,Sleaford Household Waste Recycling Centre,Lincolnshire,closure,2012,2014,sleaford,still open after EA records end,,2011 2012 2013 2014 2015 2016 2020 2021 2022 2023 2024 2025,2011 2012 2013 2014 2015 2016 2020 2021 2022 2023 2024 2025,2011 2012 2013 2014 2015 2016 2020 2021 2022 2023 2024 2025,lincolnshire.gov.uk/sleaford-recycling-centre (last ok 20251107) | lincolnshire.gov.uk:80/sleaford-household-waste-recycling-centre/68169.article (last ok 20160223) | lincolnshire.gov.uk/directory-record/3915/sleaford-recycling-centre (last ok 20250907), louth recycling centre market rasen recycling centre skegness recycling centre sleaford recycling centre spalding recycling centre follow us on facebook follow us on twitter follow us on linked in fo
512,Billingshurst Household Waste Recycling Site,West Sussex,closure,2012,2018,billingshurst,still open after EA records end,,2019 2020 2021 2022 2023 2024 2025,2019 2020 2021 2022 2023 2024 2025,2019 2020 2021 2022 2023 2024 2025,westsussex.gov.uk/land-waste-and-housing/waste-and-recycling/recycling-and-waste-prevention/recycling-centres/billingshurst-recycling-centre (last ok 20250916) | westsussex.gov.uk/find-my-nearest/recycling-centre/details/api/type/recyclingsite/view/billingshurst (last ok 20250813) | westsussex.gov.uk/land-waste-and-housing/waste-and-recycling/recycling-and-waste-prevention-in-west-sussex/household-waste-recycling-sites/billingshurst-household-waste-recycling-site (last ok 20210418),ickup and trailer waste permit . recycling centres search for your nearest site billingshurst recycling centre bognor regis recycling centre burgess hill recycling centre chichester recycling centre c
515,Bourne Waste Transfer Station & Civic Amenity Site,Lincolnshire,closure,2012,2015,bourne,still open after EA records end,,2011 2012 2013 2014 2015 2016 2020 2021 2022 2023 2024 2025,2011 2012 2013 2014 2015 2016 2020 2021 2023 2024 2025,2011 2012 2013 2014 2015 2016 2020 2021 2022 2023 2024 2025,lincolnshire.gov.uk/bourne-recycling-centre (last ok 20251213) | lincolnshire.gov.uk:80/residents/environment-and-planning/recycling-and-waste/household-waste/household-waste-recycling-centres-(hwrc)/bourne-household-waste-recycling-centre/66970.article (last ok 20110316) | lincolnshire.gov.uk/residents/environment-and-planning/recycling-and-waste/household-waste-recycling-centres-(hwrc)/bourne-household-waste-recycling-centre/66970.article (last ok 20121109),ng centre we have 11 recycling centres in lincolnshire: boston recycling centre bourne recycling centre gainsborough recycling centre grantham recycling centre kirkby on bain recycling centre lincoln 
518,"Victoria Road, South Ruislip",Hillingdon,closure,2012,2014,victoria ruislip,likely closure (never listed afterwards),"not on any list checked (2022 to 2025); no list from before 2015 to compare, and the council may use a different name",,,2022 2023 2024 2025,,
520,Southall Waste & Recycling Centre,Ealing,closure,2012,2012,southall,unclear,no archived list page found,,,,,
524,Worthing H W R C,West Sussex,closure,2012,2012,worthing,still open after EA records end,,2011 2019 2020 2021 2022 2023 2024 2025,2011 2019 2020 2021 2022 2023 2024 2025,2011 2019 2020 2021 2022 2023 2024 2025,westsussex.gov.uk/land-waste-and-housing/waste-and-recycling/recycling-and-waste-prevention/recycling-centres/worthing-recycling-centre (last ok 20250812) | westsussex.gov.uk/your_council/news/press_office/press_release_archive/2011/april_2011/worthing_household_waste_recyc.aspx (last ok 20111110) | westsussex.gov.uk/your_council/news/press_office/press_release_archive/2011/february_2011/new_worthing_household_waste_r.aspx (last ok 20111103),tlehampton recycling centre midhurst recycling centre shoreham recycling centre worthing recycling centre mobile centres - selsey and the witterings follow and connect facebook twitter instagram news 
528,Staithes Road Household Waste Disposal Site,East Riding of Yorkshire,closure,2012,2022,staithes disposal,likely closure (never listed afterwards),"not on any list checked (2025 to 2025); no list from before 2023 to compare, and the council may use a different name",,,2025,,
535,Acton Waste & Recycling Centre,Ealing,closure,2012,2021,acton,still open after EA records end,,2025,2025,2025,dosomethinggood.ealing.gov.uk/events/acton-recycles (last ok 20251116),
538,Dogsthorpe Household Recycling Centre,Peterborough,closure,2012,2019,dogsthorpe,confirmed closure,"last listed 2019, missing from 2020",2015 2017 2019,,2015 2017 2019 2020 2021 2022 2023 2024 2025,,"ly for a permit . opening times where household recycling centre, welland road, dogsthorpe, peterborough pe1 3td from 1 april to 30 september 8am to 6pm on tuesday, wednesday, friday, saturday and sun"
544,Kirkby On Bain Civic Amenity Site,Lincolnshire,closure,2012,2022,kirkby bain,closure unclear,,2011 2012 2014 2015 2016 2020 2021 2022 2023,2011 2012 2014 2015 2016 2020 2021 2022,2011 2012 2014 2015 2016 2020 2021 2022 2023 2024 2025,lincolnshire.gov.uk/kirkby-on-bain-recycling-centre (last ok 20220629) | lincolnshire.gov.uk:80/kirkby-on-bain-household-waste-recycling-centre/68162.article (last ok 20160422) | lincolnshire.gov.uk/residents/environment-and-planning/recycling-and-waste/household-waste-recycling-centres-(hwrc)/kirkby-on-bain-household-waste-recycling-centre/68162.article (last ok 20121109),bourne recycling centre gainsborough recycling centre grantham recycling centre kirkby on bain recycling centre lincoln recycling centre louth recycling centre market rasen recycling centre skegness r
547,Kimpton Park Way H R R C,Sutton,closure,2012,2018,kimpton,still open after EA records end,,2021 2022 2023 2024 2025,2021 2022 2023 2024 2025,2021 2022 2023 2024 2025,sutton.gov.uk/w/household-reuse-and-recycling-centre-at-kimpton-park-way (last ok 20251206) | sutton.gov.uk/w/household-reuse-and-recycling-centre-at-kimpton-park-way-fair-usage-and-vehicle-access (last ok 20251011) | sutton.gov.uk/w/household-reuse-and-recycling-centre-at-kimpton-park-way-find-us-and-opening-times (last ok 20250828),
551,Cole Green H W R C,Hertfordshire,closure,2012,2015,cole,closure unclear,,2019 2020 2021 2022 2023,2019 2020 2021 2022 2023,2019 2020 2021 2022 2023 2024 2025,hertfordshire.gov.uk/services/recycling-waste-and-environment/recycling-and-waste/where-can-i-recycle/household-waste-recycling-centres/cole-green-household-waste-recycling-centre.aspx (last ok 20230208) | hertfordshire.gov.uk/services/recycling-waste-and-environment/countryside-management/news/20170905-new-greenspace-action-plan-for-cole-green-way.aspx (last ok 20191216) | hertfordshire.gov.uk/services/recycling-waste-and-environment/countryside-management/news/20180207-new-greenspace-action-plan-for-cole-green-way.aspx (last ok 20191208),
553,Earlswood C A,Surrey,closure,2012,2013,earlswood,still open after EA records end,,2011 2012 2013 2014 2015 2016 2017 2018 2019 2020 2021 2022 2023 2024 2025,2011 2012 2013 2014 2015 2016 2019 2020 2021 2022 2023 2024 2025,2011 2012 2013 2014 2015 2016 2017 2018 2019 2020 2021 2022 2023 2024 2025,surreycc.gov.uk/waste-and-recycling/community-recycling-centres/earlswood (last ok 20250716) | surreycc.gov.uk:80/environment-housing-and-planning/waste-and-recycling/where-to-take-your-waste-and-recycling/community-recycling-centres-household-waste-and-recycling-centres/earlswood-community-recycling-centre (last ok 20160901) | surreycc.gov.uk/environment-housing-and-planning/waste-and-recycling/where-to-take-your-waste-and-recycling/community-recycling-centres/earlswood-community-recycling-centre (last ok 20130721), centre cranleigh community recycling centre dorking community recycling centre earlswood community recycling centre epsom community recycling centre and transfer station farnham community recycling c
554,Hove H W S & Transfer Station,Brighton and Hove,closure,2012,2023,hove,still open after EA records end,,2012 2013 2014 2015 2016 2017 2018 2019 2020 2021 2022 2023 2024 2025,2012 2013 2014 2015 2017 2019 2020 2021 2022 2023 2024 2025,2012 2013 2014 2015 2016 2017 2018 2019 2020 2021 2022 2023 2024 2025,brighton-hove.gov.uk/rubbish-recycling-and-streets/recycling/directories/recycling-points-brighton-hove (last ok 20250719) | brighton-hove.gov.uk/rubbish-recycling-and-streets/recycling/what-you-can-and-cant-recycle-brighton-hove (last ok 20251012) | brighton-hove.gov.uk/business-and-trade/contracts-and-tenders/top-tips-tendering-brighton-hove-city-council (last ok 20251012), tips | brighton & hove city council skip to main content a-z of services home services a-z contact us maps accessibility search: search yo
556,Endeavour Way Transfer Station,Sutton,closure,2012,2013,endeavour,unclear,no archived list page found,,,,,
557,Hornsey Road Civic Amenity Site,Haringey,closure,2012,2014,hornsey,closure unclear,,2013 2014 2015 2016 2017 2018,,2013 2014 2015 2016 2017 2018 2019 2020 2021 2022 2023 2024 2025,,t we accept location and opening times - tottenham location and opening times - hornsey contact the north london waste authority (nlwa) further information please note that the north london waste auth
558,Hornsey Street Re-use & Recycling Centre,Islington,closure,2012,2015,hornsey,still open after EA records end,,2017 2019 2020 2021 2022 2023 2024 2025,,2017 2019 2020 2021 2022 2023 2024 2025,,cycling and rubbish at the reuse and recycling centre (rrc). contact details 40 hornsey street islington n7 8hu tel: 020 8884 5645 opening hours monday to saturday - 8am to 8pm sunday and public holid
567,Boston Hwrc/transfer Station/mrf,Lincolnshire,closure,2012,2018,boston,still open after EA records end,,2011 2012 2013 2014 2015 2016 2020 2021 2022 2023 2024 2025,2011 2012 2013 2014 2015 2016 2020 2021 2022 2023 2024 2025,2011 2012 2013 2014 2015 2016 2020 2021 2022 2023 2024 2025,lincolnshire.gov.uk/boston-recycling-centre (last ok 20251113) | lincolnshire.gov.uk/residents/environment-and-planning/recycling-and-waste/household-waste-recycling-centres-(hwrc)/boston-household-waste-recycling-centre/66967.article (last ok 20121109) | lincolnshire.gov.uk/directory-record/3906/boston-recycling-centre (last ok 20250710),ng centre find a recycling centre we have 11 recycling centres in lincolnshire: boston recycling centre bourne recycling centre gainsborough recycling centre grantham recycling centre kirkby on bain r
569,Park View Re- Use & Recycling Centre,Haringey,closure,2012,2017,view,closure unclear,,2013 2014 2015 2016 2017 2018 2019 2020 2021,2017 2018,2013 2014 2015 2016 2017 2018 2019 2020 2021 2022 2023 2024 2025,haringey.gov.uk:80/environment-and-waste/rubbish-and-recycling/reuse-and-recycling-centres/park-view-road-reuse-and-recycling-centre (last ok 20180617),"rior to visiting the site as only pre-booked vans will be allowed to tip . park view road 020 8884 5613 high street hornsey 020 8884 5614 full details of the procedure, including the information you w"
575,Buntingford H W R C,Hertfordshire,closure,2012,2021,buntingford,closure unclear,,2016 2019 2020 2021 2022,2016 2019 2020 2021 2022,2016 2019 2020 2021 2022 2023 2024 2025,hertfordshire.gov.uk/services/recycling-waste-and-environment/recycling-and-waste/where-can-i-recycle/household-waste-recycling-centres/buntingford-household-waste-recycling-centre.aspx (last ok 20221206) | hertfordshire.gov.uk:80/services/envplan/waste/wasteaware/yrservices/hwrc/hwrc2/buntingford (last ok 20160703),
583,Chigwell Road Re-use & Recycling Centre,Redbridge,closure,2012,2015,chigwell,still open after EA records end,,2013 2014 2015 2016 2017 2019 2020 2021 2022 2023 2024 2025,2013 2014 2015 2016 2017 2019 2020 2021 2022 2023 2024 2025,2013 2014 2015 2016 2017 2019 2020 2021 2022 2023 2024 2025,redbridge.gov.uk/bins-waste-and-recycling/chigwell-road-tip-reuse-and-recycling (last ok 20240716) | eforms.redbridge.gov.uk/vehicle-authorisation-form-for-chigwell-road-reuse-and-recycling-centre (last ok 20251111) | redbridge.gov.uk/map/recycling-points/chigwell-road-near-waltham-road (last ok 20160420), chigwell road reuse and recycling centre skip to main content redbridge i search login sign up planning view planning ap
587,Forest Row Civic Amenity Site,East Sussex,closure,2012,2018,forest,confirmed closure,"last listed 2015, missing from 2022",2011 2012 2013 2014 2015,2011 2012 2013 2014 2015,2011 2012 2013 2014 2015 2022 2023 2024,eastsussex.gov.uk:80/environment/rubbishandrecycling/recyclingsites/escc-forestrowhwrs.htm (last ok 20150531) | eastsussex.gov.uk/environment/rubbishandrecycling/recyclingsites/escc-forestrowhwrs.htm (last ok 20120901),
588,Jenkins Lane Waste Management Facility,Newham,closure,2012,2015,jenkins management,unclear,no archived list page found,,,,,
594,Ringmer Depot,East Sussex,closure,2012,2017,ringmer,still open after EA records end,,2024,,2011 2022 2023 2024,,ity college)  heathfield  full time assistant premises manager (kings academy ringmer)  ringmer  full time teaching assistant (sussex learning trust - warden park academy)  cuckfield  full time 
597,Foots Cray Reuse & Recycling Centre,Bexley,closure,2012,2020,foots cray,unclear,no archived list page found,,,,,
604,Thames Road Depot,Bexley,closure,2012,2020,thames,unclear,no archived list page found,,,,,
606,Dartford Heath,Kent,closure,2012,2018,dartford heath,still open after EA records end,,2011 2012 2013 2014 2015 2016 2017 2018 2019 2020 2021 2022 2023 2024 2025,2011 2012 2013 2014 2015 2016 2017 2018 2019 2020 2021 2022 2023 2024 2025,2011 2012 2013 2014 2015 2016 2017 2018 2019 2020 2021 2022 2023 2024 2025,kent.gov.uk/environment-waste-and-planning/rubbish-and-recycling/household-waste-recycling-centres/find-your-nearest-tip/dartford (last ok 20250521) | kent.gov.uk/environment_and_planning/recycling_and_rubbish/ways_to_recycle/waste_and_recycling_centres/dartford_and_gravesend_hwrcs.aspx (last ok 20130807) | kent.gov.uk:80/waste-planning-and-land/rubbish-and-recycling/find-your-nearest-tip/dartford (last ok 20180624),
610,"Mill Lane Civic Amenity Site, High Ongar",Essex,closure,2012,2012,mill high,likely closure (never listed afterwards),"not on any list checked (2020 to 2025); no list from before 2013 to compare, and the council may use a different name",,,2020 2022 2023 2024 2025,,
614,North Farm Transfer Station,Kent,closure,2012,2015,,likely closure (never listed afterwards),"not on any list checked (2021 to 2025); no list from before 2016 to compare, and the council may use a different name",,,2021 2022 2023 2024 2025,,
615,Wadhurst Household Waste Recycling Site,East Sussex,closure,2012,2018,wadhurst,confirmed closure,"last listed 2014, missing from 2022",2011 2012 2013 2014,2011 2012 2013 2014,2011 2012 2013 2014 2022 2023 2024,eastsussex.gov.uk:80/environment/rubbishandrecycling/recyclingsites/escc-wadhursthwrs.htm (last ok 20140715) | eastsussex.gov.uk/environment/rubbishandrecycling/recyclingsites/escc-wadhursthwrs.htm (last ok 20120901),
617,Kings Lynn Household Waste Recycling Centre,Norfolk,closure,2012,2012,kings lynn,still open after EA records end,,2016 2017 2019 2020 2021 2022 2023 2024 2025,2019 2020 2021 2022 2023 2024 2025,2016 2017 2019 2020 2021 2022 2023 2024 2025,norfolk.gov.uk/article/63121/book-to-visit-kings-lynn-recycling-centre (last ok 20250520) | norfolk.gov.uk/article/63122/book-to-visit-kings-lynn-recycling-centre-trade (last ok 20250712) | norfolk.gov.uk/rubbish-recycling-and-planning/rubbish-and-recycling/find-your-local-recycling-centre/kings-lynn-main-recycling-centre-plus (last ok 20230601),(matched with spaces removed) kings lynn
623,Haverhill Household Waste Recycling Centre,Suffolk,closure,2012,2024,haverhill,still open after EA records end,,2019 2020 2021 2023 2024 2025,2021 2023 2024 2025,2019 2020 2021 2022 2023 2024 2025,suffolk.gov.uk/council-and-democracy/council-news/new-haverhill-recycling-centre-on-target-for-summer-opening (last ok 20250804) | suffolk.gov.uk/council-and-democracy/council-news/show/have-your-say-proposed-development-of-a-new-recycling-centre-in-haverhill (last ok 20210619) | suffolk.gov.uk/council-and-democracy/council-news/work-begins-on-new-haverhill-recycling-centre (last ok 20240528),"um) hadleigh crockett road, hadleigh, ip7 6rd (off lady lane industrial estate) haverhill off chalkstone way, haverhill, cb9 7ur (off the a143 - sturmer road) ipswich portman's walk, ipswich, ip1 2dw "
634,Pebsham ( Hastings) H W S,East Sussex,closure,2012,2012,pebsham hastings,unclear,name never found on the archived pages (name may differ),,,2011 2022 2023 2024,,
637,Docking H W R C,Norfolk,closure,2012,2018,docking,still open after EA records end,,2016 2017 2019 2020 2021 2022 2023 2024 2025,2019 2020 2021 2022 2024 2025,2016 2017 2019 2020 2021 2022 2023 2024 2025,norfolk.gov.uk/article/62751/docking-part-time-recycling-centre (last ok 20250502) | norfolk.gov.uk/rubbish-recycling-and-planning/rubbish-and-recycling/find-your-local-recycling-centre/docking-part-time-recycling-centre (last ok 20220704) | norfolk.gov.uk/article/63116/book-to-visit-docking-recycling-centre (last ok 20250716),"k, rash’s green, dereham nr19 1jg more about dereham main recycling centre plus docking part time recycling centre location: docking common, fakenham road, pe31 8nn more about docking part time recycl"
643,Anti Waste Ltd - Thetford C A Site,Norfolk,closure,2012,2014,anti thetford,likely closure (never listed afterwards),"not on any list checked (2016 to 2025); no list from before 2015 to compare, and the council may use a different name",,,2016 2017 2019 2020 2021 2022 2023 2024 2025,,
647,Bury St Endmunds Household Waste Recycling Centre,Suffolk,closure,2012,2019,bury endmunds,unclear,name never found on the archived pages (name may differ),,,2019 2020 2021 2022 2023 2024,,
667,Bramford Civic Amenity Site,Suffolk,closure,2012,2012,bramford,likely closure (never listed afterwards),"not on any list checked (2019 to 2024); no list from before 2013 to compare, and the council may use a different name",,,2019 2020 2021 2022 2023 2024,,
668,Martins Farm Civic Amenity Site,Essex,closure,2012,2012,martins,likely closure (never listed afterwards),"not on any list checked (2020 to 2025); no list from before 2013 to compare, and the council may use a different name",,,2020 2022 2023 2024 2025,,
675,Ketteringham Recycling Centre,Norfolk,closure,2012,2021,ketteringham,closure unclear,,2016 2017 2019 2020 2021 2022 2023,2019 2020 2021,2016 2017 2019 2020 2021 2022 2023 2024 2025,norfolk.gov.uk/rubbish-recycling-and-planning/rubbish-and-recycling/find-your-local-recycling-centre/ketteringham-main-recycling-centre-plus (last ok 20211021),"lhoughton road, fakenham nr21 7dy more about hempton main recycling centre plus ketteringham main recycling centre plus location: station road, ketteringham nr9 3az more about ketteringham main recycl"
677,Penninsula Community Recycling Centre,Suffolk,closure,2012,2012,penninsula,likely closure (never listed afterwards),"not on any list checked (2019 to 2024); no list from before 2013 to compare, and the council may use a different name",,,2019 2020 2021 2022 2023 2024,,
680,Hawkinge Transfer Station,Kent,closure,2012,2013,hawkinge,closure unclear,,2011 2012 2013 2014,2011 2012 2013 2014,2011 2012 2013 2014 2021 2022 2023 2024 2025,kent.gov.uk/environment_and_planning/recycling_and_rubbish/ways_to_recycle/waste_and_recycling_centres/shepway_hwrcs/folkestone_hawkinge.aspx (last ok 20130902) | kent.gov.uk:80/environment_and_planning/recycling_and_rubbish/ways_to_recycle/waste_and_recycling_centres/folkestone_hawkinge.aspx (last ok 20130911) | kent.gov.uk:80/environment_and_planning/recycling_and_rubbish/ways_to_recycle/waste_and_recycling_centres/shepway_hwrcs/folkestone_hawkinge.aspx (last ok 20130618),
682,Mayton Wood Civic Amenity Site,Norfolk,closure,2012,2024,mayton wood,still open after EA records end,,2016 2017 2019 2020 2021 2022 2023 2024 2025,2019 2020 2021 2022 2023 2024 2025,2016 2017 2019 2020 2021 2022 2023 2024 2025,norfolk.gov.uk/rubbish-recycling-and-planning/rubbish-and-recycling/find-your-local-recycling-centre/mayton-wood-main-recycling-centre-plus (last ok 20231201) | norfolk.gov.uk/article/44316/consultation-opens-today-on-plans-to-close-mayton-wood-recycling-centre (last ok 20250515),"ddlebow, king’s lynn pe34 3rd more about king's lynn main recycling centre plus mayton wood main recycling centre plus location: little hautbois, nr coltishall nr12 7jx more about mayton wood main rec"
686,Bergh Apton C A Site,Norfolk,closure,2012,2012,bergh apton,still open after EA records end,,2016 2017 2019 2020 2021 2022 2023 2024 2025,2019 2020 2021 2022 2023 2024 2025,2016 2017 2019 2020 2021 2022 2023 2024 2025,norfolk.gov.uk/rubbish-recycling-and-planning/rubbish-and-recycling/find-your-local-recycling-centre/bergh-apton-part-time-recycling-centre (last ok 20231201) | norfolk.gov.uk/article/62748/bergh-apton-part-time-recycling-centre-and-reuse-shop (last ok 20250713) | norfolk.gov.uk/article/63110/book-to-visit-bergh-apton-recycling-centre (last ok 20250522),"waffham road, ashill, thetford ip25 7bt more about ashill main recycling centre bergh apton part-time recycling centre location: wellbeck road, bergh apton, norwich nr15 1au more about bergh apton par"
693,Sole Bay Recycling Centre,Suffolk,closure,2012,2013,sole,likely closure (never listed afterwards),"not on any list checked (2019 to 2024); no list from before 2014 to compare, and the council may use a different name",,,2019 2020 2021 2022 2023 2024,,
695,Salford Road Household Waste Recycling Centre and Transfer Loading Station,Bolton,opening,2013,2025,salford loading,existed before EA records start,,2011 2012 2013 2014 2015 2016 2017 2019 2020 2021 2022 2023 2024 2025,2011 2012 2013 2014 2015 2016 2017 2019 2020 2021 2022 2023 2024 2025,2011 2012 2013 2014 2015 2016 2017 2018 2019 2020 2021 2022 2023 2024 2025,recycleforgreatermanchester.com/recycle-centre/salford-road-recycling-centre (last ok 20251214) | recycleforgreatermanchester.com:80/recycle/in-your-area/salford (last ok 20150707) | recycleforgreatermanchester.com/recycling-in-your-area/salford (last ok 20251214)," two will involve developing a new super site at the former cmp batteries site (salford road, over hulton bolton bl5 1dd) and subsequently will involve closing lester road, salford and blackhorse stre"
696,Lichfield  Household Waste Recycling Centre,Staffordshire,opening,2013,2025,lichfield,existed before EA records start,,2011 2012 2013 2014 2015 2016 2019 2020 2021 2022 2023 2024 2025,2011 2012 2013 2014 2015 2016 2019 2020 2021 2022 2023 2024 2025,2011 2012 2013 2014 2015 2016 2019 2020 2021 2022 2023 2024 2025,staffordshire.gov.uk/waste-and-recycling/recyclingcentres/lichfieldrecyclingcentre.aspx (last ok 20251202) | staffordshire.gov.uk:80/environment/rubbishwasteandrecycling/recyclingcentres/lichfieldrecyclingcentre.aspx (last ok 20160510) | staffordshire.gov.uk/environment/rubbishwasteandrecycling/recyclingcentres/lichfieldrecyclingcentre.aspx (last ok 20160401),
697,Lower House Farm H W R C,Warwickshire,opening,2013,2025,lower house,confirmed opening,,2012 2013 2014 2015 2016 2017 2018 2019 2020 2021 2022 2023 2024 2025,2015 2016 2018 2019 2020 2021 2022 2023 2024 2025,2011 2012 2013 2014 2015 2016 2017 2018 2019 2020 2021 2022 2023 2024 2025,warwickshire.gov.uk/directory-record/316/lower-house-farm-recycling-centre (last ok 20250909) | warwickshire.gov.uk/directory-record/316/lower-house-farm-recycling-centre-baddesley-ensor (last ok 20251012) | warwickshire.gov.uk:80/environmentnav/recycling-and-waste/recycling-centres/lower-house-farm-household-waste-recycling-centre (last ok 20160111),g centre vehicle permits open data - list of recycling centres a-z of recycling lower house farm recycling centre recycling news this feed requires javascript to work properly (which appears to be tur
698,Calder Vale Road Household Waste Recycling Centre,Wakefield,closure and opening,2013,2015,calder vale,likely closure (never listed afterwards),"not on any list checked (2019 to 2020); no list from before 2016 to compare, and the council may use a different name",,,2019 2020,,
699,Waterlooville H W R C,Hampshire,opening,2013,2025,waterlooville,existed before EA records start,,2011 2012 2013 2014 2015 2016 2019 2020 2021 2022 2023 2024 2025,2011 2012 2013 2014 2015 2016 2019 2020 2021 2022 2023 2024 2025,2011 2012 2013 2014 2015 2016 2019 2020 2021 2022 2023 2024 2025,hants.gov.uk/wasteandrecycling/recyclingcentres/hwrcfinder/waterlooville (last ok 20251011) | www3.hants.gov.uk/waste-and-recycling/hwrcs-2/find-hwrc/environment-waste__amp__recycling-waterlooville_hwrc.htm (last ok 20150402) | www3.hants.gov.uk:80/waste-and-recycling/hwrcs-2/find-hwrc/environment-waste__amp__recycling-waterlooville_hwrc.htm (last ok 20150529),"52 1,098 eastleigh 538 731 gosport 818 1,025 havant 666 851 segensworth 702 879 waterlooville 659 847 *visitor counts are taken from the anpr (automatic number plate recognition) data april 2017 - apr"
700,Humberside Excavations Ltd,East Riding of Yorkshire,opening,2013,2025,humberside excavations,unclear,name never found on the archived pages (name may differ),,,2025,,
701,Powerday H W R C,Hillingdon,opening,2013,2025,powerday,unclear,name never found on the archived pages (name may differ),,,2022 2023 2024 2025,,
702,Bourne C A & W T S,Lincolnshire,opening,2013,2025,bourne,existed before EA records start,,2011 2012 2013 2014 2015 2016 2020 2021 2022 2023 2024 2025,2011 2012 2013 2014 2015 2016 2020 2021 2023 2024 2025,2011 2012 2013 2014 2015 2016 2020 2021 2022 2023 2024 2025,lincolnshire.gov.uk/bourne-recycling-centre (last ok 20251213) | lincolnshire.gov.uk:80/residents/environment-and-planning/recycling-and-waste/household-waste/household-waste-recycling-centres-(hwrc)/bourne-household-waste-recycling-centre/66970.article (last ok 20110316) | lincolnshire.gov.uk/residents/environment-and-planning/recycling-and-waste/household-waste-recycling-centres-(hwrc)/bourne-household-waste-recycling-centre/66970.article (last ok 20121109),ng centre we have 11 recycling centres in lincolnshire: boston recycling centre bourne recycling centre gainsborough recycling centre grantham recycling centre kirkby on bain recycling centre lincoln 
703,Waterdale H W R C,Hertfordshire,opening,2013,2025,waterdale,opening unclear,,2016 2019 2020 2021 2022 2023 2024 2025,2016 2019 2020 2021 2022 2023 2024 2025,2016 2019 2020 2021 2022 2023 2024 2025,hertfordshire.gov.uk/services/recycling-waste-and-environment/recycling-and-waste/where-can-i-recycle/household-waste-recycling-centres/waterdale-household-waste-recycling-centre.aspx (last ok 20251213) | hertfordshire.gov.uk:80/services/envplan/waste/wasteaware/yrservices/hwrc/hwrc2/waterdale (last ok 20161019) | hertfordshire.gov.uk/about-the-council/consultations/waste-and-recycling/waterdale-transfer-station-consultation.aspx (last ok 20250803),
704,"Ranmore Road C A , Dorking",Surrey,opening,2013,2025,ranmore dorking,unclear,name never found on the archived pages (name may differ),,,2012 2013 2014 2015 2016 2017 2018 2019 2020 2021 2022 2023 2024 2025,,
705,Worthing Household Waste Recycling Site,West Sussex,opening,2013,2025,worthing,existed before EA records start,,2011 2019 2020 2021 2022 2023 2024 2025,2011 2019 2020 2021 2022 2023 2024 2025,2011 2019 2020 2021 2022 2023 2024 2025,westsussex.gov.uk/land-waste-and-housing/waste-and-recycling/recycling-and-waste-prevention/recycling-centres/worthing-recycling-centre (last ok 20250812) | westsussex.gov.uk/your_council/news/press_office/press_release_archive/2011/april_2011/worthing_household_waste_recyc.aspx (last ok 20111110) | westsussex.gov.uk/your_council/news/press_office/press_release_archive/2011/february_2011/new_worthing_household_waste_r.aspx (last ok 20111103),tlehampton recycling centre midhurst recycling centre shoreham recycling centre worthing recycling centre mobile centres - selsey and the witterings follow and connect facebook twitter instagram news 
706,Regis Road Recycling Centre,Camden,opening,2013,2025,regis,unclear,no archived list page found,,,,,
707,Kings Lynn Household Waste Recycling Centre,Norfolk,opening,2013,2025,kings lynn,opening unclear,,2016 2017 2019 2020 2021 2022 2023 2024 2025,2019 2020 2021 2022 2023 2024 2025,2016 2017 2019 2020 2021 2022 2023 2024 2025,norfolk.gov.uk/article/63121/book-to-visit-kings-lynn-recycling-centre (last ok 20250520) | norfolk.gov.uk/article/63122/book-to-visit-kings-lynn-recycling-centre-trade (last ok 20250712) | norfolk.gov.uk/rubbish-recycling-and-planning/rubbish-and-recycling/find-your-local-recycling-centre/kings-lynn-main-recycling-centre-plus (last ok 20230601),(matched with spaces removed) kings lynn
708,Blackborough End Recycling Centre,Norfolk,closure and opening,2013,2016,blackborough,unclear,name never found on the archived pages (name may differ),,,2016 2017 2019 2020 2021 2022 2023 2024 2025,,
709,Bergh Apton Recycling Centre,Norfolk,closure and opening,2013,2013,bergh apton,still open after EA records end; opening unclear,,2016 2017 2019 2020 2021 2022 2023 2024 2025,2019 2020 2021 2022 2023 2024 2025,2016 2017 2019 2020 2021 2022 2023 2024 2025,norfolk.gov.uk/rubbish-recycling-and-planning/rubbish-and-recycling/find-your-local-recycling-centre/bergh-apton-part-time-recycling-centre (last ok 20231201) | norfolk.gov.uk/article/62748/bergh-apton-part-time-recycling-centre-and-reuse-shop (last ok 20250713) | norfolk.gov.uk/article/63110/book-to-visit-bergh-apton-recycling-centre (last ok 20250522),"waffham road, ashill, thetford ip25 7bt more about ashill main recycling centre bergh apton part-time recycling centre location: wellbeck road, bergh apton, norwich nr15 1au more about bergh apton par"
710,Sidmouth Recycling Centre,Devon,opening,2014,2025,sidmouth,existed before EA records start,,2011 2012 2013 2014 2015 2016 2019 2020 2021 2022 2023 2024 2025,2011 2012 2013 2014 2015 2016 2019 2020 2021 2022 2023 2024 2025,2011 2012 2013 2014 2015 2016 2017 2019 2020 2021 2022 2023 2024 2025,devon.gov.uk/wasteandrecycling/centre/sidmouth-recycling-centre (last ok 20251210) | devon.gov.uk/wasteandrecycling/centre/towns/sidmouth (last ok 20250907) | devon.gov.uk:80/index/environmentplanning/recycling/recycling_centres/woods_farm_sidmouth.htm (last ok 20151218),
711,Cromer Road Materials Recycling Facility,Stoke-on-Trent,opening,2014,2025,cromer materials,unclear,name never found on the archived pages (name may differ),,,2011,,
712,Lifford Lane Waste Transfer Station And H R C,Birmingham,opening,2014,2025,lifford,unclear,no archived list page found,,,,,
713,Perry Barr Waste Transfer Station And H R C,Birmingham,opening,2014,2025,perry barr,unclear,no archived list page found,,,,,
714,Judkins Household Waste Recycling Centre,Warwickshire,opening,2014,2025,judkins,existed before EA records start,,2011 2012 2013 2014 2015 2016 2017 2019 2020 2021 2022 2023 2024 2025,2011 2012 2013 2015 2016 2017 2019 2020 2021 2022 2023 2024 2025,2011 2012 2013 2014 2015 2016 2017 2018 2019 2020 2021 2022 2023 2024 2025,warwickshire.gov.uk/recyclingjudkins (last ok 20251213) | warwickshire.gov.uk:80/recyclingjudkins (last ok 20171229) | warwickshire.gov.uk/directory-record/320/judkins-recycling-centre-nuneaton (last ok 20250720),"ford cherry orchard, kenilworth grendon, north warwickshire hunters lane, rugby judkins, nuneaton princes drive, leamington shipston, shipston-on-stour stockton, near rugby wellesbourne, near warwick "
715,T D E Enterprises Limited,Rotherham,opening,2014,2025,enterprises,unclear,name never found on the archived pages (name may differ),,,2019 2020 2021 2022 2023 2024 2025,,
716,Dix Pit H W R C,Oxfordshire,opening,2014,2025,dix pit,existed before EA records start,,2011 2012 2013 2016 2017 2018 2019 2020 2021 2022 2023 2024 2025,2016 2017 2019 2020 2021 2022 2023 2024 2025,2011 2012 2013 2016 2017 2018 2019 2020 2021 2022 2023 2024 2025,oxfordshire.gov.uk/residents/environment-and-planning/waste-and-recycling/household-waste/household-waste-recycling-centres/dix-pit-recycling-centre (last ok 20250114) | oxfordshire.gov.uk/waste-and-recycling/household-waste/household-waste-recycling-centres/dix-pit-recycling-centre (last ok 20251014) | news.oxfordshire.gov.uk/grab-a-preloved-bargain-at-dix-pit-household-waste-recycling-centre (last ok 20231204)," see our page on commercial waste disposal for more information. wall height at dix pit, drayton and oakley wood the walls are the minimum height required under national health & safety regulations. i"
717,Sleaford Household Waste Recycling Centre,Lincolnshire,opening,2014,2025,sleaford,existed before EA records start,,2011 2012 2013 2014 2015 2016 2020 2021 2022 2023 2024 2025,2011 2012 2013 2014 2015 2016 2020 2021 2022 2023 2024 2025,2011 2012 2013 2014 2015 2016 2020 2021 2022 2023 2024 2025,lincolnshire.gov.uk/sleaford-recycling-centre (last ok 20251107) | lincolnshire.gov.uk:80/sleaford-household-waste-recycling-centre/68169.article (last ok 20160223) | lincolnshire.gov.uk/directory-record/3915/sleaford-recycling-centre (last ok 20250907), louth recycling centre market rasen recycling centre skegness recycling centre sleaford recycling centre spalding recycling centre follow us on facebook follow us on twitter follow us on linked in fo
718,Western Road H W R C,Haringey,closure and opening,2014,2015,western,still open after EA records end; opening unclear,,2013 2014 2015 2016 2017 2018 2019 2020 2021 2022 2023 2024 2025,2024 2025,2013 2014 2015 2016 2017 2018 2019 2020 2021 2022 2023 2024 2025,haringey.gov.uk/rubbish-recycling/recycling/reuse-recycling-centres-banks-donations-collections/western-road-reuse-recycling-centre (last ok 20251208) | new.haringey.gov.uk/rubbish-recycling/recycling/reuse-recycling-centres-banks-donations-collections/western-road-reuse-recycling-centre (last ok 20241005),"city academy school. note : hornsey reuse and recycling centre has replaced the western road site in wood green, which is no longer open to the public. â© crown copyright. all rights reserved lbh (100"
719,Northumberland Wharf Transfer Station,Tower Hamlets,opening,2014,2025,northumberland wharf,unclear,no archived list page found,,,,,
720,Bergh Apton H W R C,Norfolk,opening,2014,2025,bergh apton,opening unclear,,2016 2017 2019 2020 2021 2022 2023 2024 2025,2019 2020 2021 2022 2023 2024 2025,2016 2017 2019 2020 2021 2022 2023 2024 2025,norfolk.gov.uk/rubbish-recycling-and-planning/rubbish-and-recycling/find-your-local-recycling-centre/bergh-apton-part-time-recycling-centre (last ok 20231201) | norfolk.gov.uk/article/62748/bergh-apton-part-time-recycling-centre-and-reuse-shop (last ok 20250713) | norfolk.gov.uk/article/63110/book-to-visit-bergh-apton-recycling-centre (last ok 20250522),"waffham road, ashill, thetford ip25 7bt more about ashill main recycling centre bergh apton part-time recycling centre location: wellbeck road, bergh apton, norwich nr15 1au more about bergh apton par"
721,Old Swan H W R C,Liverpool,opening,2015,2025,swan,confirmed opening,,2015 2016 2017 2019 2020 2021 2022 2023 2024 2025,2015 2016 2017 2020 2021 2022 2023 2024 2025,2013 2014 2015 2016 2017 2018 2019 2020 2021 2022 2023 2024 2025,merseysidewda.gov.uk/2021/08/access-to-otterspool-and-old-swan-recycling-centres (last ok 20251216) | merseysidewda.gov.uk:80/2015/12/mayor-opens-new-liverpool-recycling-centre-in-old-swan (last ok 20160929) | merseysidewda.gov.uk/about-us/proposed-new-waste-and-recycling-facilities/old-swan-recycling-centre (last ok 20170315),res workplace wellbeing charter proposed new waste and recycling facilities old swan recycling centre archive – proposed new electricity sub-station at gillmoss recycling park archive – kirkby recycli
722,Bridport H W R C,Dorset,opening,2015,2025,bridport,opening unclear,,2016 2020 2021 2025,2016 2020 2021,2016 2017 2020 2021 2022 2023 2024 2025,dorsetcouncil.gov.uk/bins-recycling-and-litter/recycling-centres-and-banks/bridport-household-recycling-centre.aspx (last ok 20210514) | dorsetcouncil.gov.uk/bins-recycling-and-litter/recycling-centres-and-banks/morrisons-bridport-recycling-bank.aspx (last ok 20210510) | dorsetforyou.gov.uk/recycling-centres/household/bridport (last ok 20161231),"ee high use from residents outside dorset. other hrcs at wimborne, wareham, and bridport will also contribute to further savings. there are potentially hundreds of thousands of pounds to be saved with"
723,Green Street Depot  Kidderminster,Worcestershire,opening,2015,2025,kidderminster,opening unclear,,2018 2020 2021 2022 2023 2024 2025,2018 2020 2021 2022 2023 2024 2025,2018 2020 2021 2022 2023 2024 2025,worcestershire.gov.uk/lets-waste-less/household-recycling-centres/household-recycling-centres-worcestershire/kidderminster-household-recycling-centre (last ok 20250803) | worcestershire.gov.uk/news/article/2204/kidderminster_household_recycling_centre_to_re-open_on_monday (last ok 20221206) | worcestershire.gov.uk:80/letswasteless/directory_record/5/kidderminster/category/2/household_recycling_centres_in_worcestershire (last ok 20180111),mplaints bromsgrove (quantry lane) bilford road droitwich (hanbury) hallow road kidderminster malvern pershore (hill & moor) redditch 1 4 stourport 2 tenbury upton bromyard hereford (rotherwas) 7 1 le
724,Northacre Resource Recovery Centre - EPR/LP3491EE,Wiltshire,opening,2015,2025,northacre resource,unclear,name never found on the archived pages (name may differ),,,2015 2016 2017 2018 2019 2020 2021 2022 2023 2024 2025,,
725,Glasshoughton Household Waste Recycling Centre,Wakefield,opening,2015,2025,glasshoughton,unclear,name never found on the archived pages (name may differ),,,2019 2020,,
726,Carcraft Recycling Centre,Doncaster,opening,2015,2025,carcraft,unclear,name never found on the archived pages (name may differ),,,2013 2015 2016 2017 2018 2019 2020 2021 2022 2023 2024 2025,,
727,Calverton Household Waste Recycling Centre,Nottinghamshire,opening,2015,2025,calverton,existed before EA records start,,2011 2012 2013 2016 2017 2018 2019 2020 2021 2022 2023 2024 2025,2016 2017 2018 2019 2020 2021 2022 2023 2024 2025,2011 2012 2013 2014 2015 2016 2017 2018 2019 2020 2021 2022 2023 2024 2025,nottinghamshire.gov.uk:80/waste-and-recycling/recycling-centres/details/calverton (last ok 20181113) | nottinghamshire.gov.uk/waste-and-recycling/recycling-centres/details/calverton (last ok 20251113),"ac grove, beeston, ng9 1pf bilsthorpe hwrc brailwood road, bilsthorpe, ng22 8ua calverton hwrc hollinwood lane, calverton, ng14 6nr fiskerton hwrc fiskerton road, southwell, ng25 0th giltbrook hwrc gi"
728,Gypsum Close Household Waste Recycling Centre,Leicester,opening,2015,2025,gypsum close,confirmed opening,,2014 2015 2016 2017 2019 2020 2021 2022 2023 2024 2025,2015 2016 2017 2019 2020 2021 2022 2023 2024 2025,2011 2012 2013 2014 2015 2016 2017 2019 2020 2021 2022 2023 2024 2025,leicester.gov.uk:80/your-environment/recycling-and-waste/recycling-centres/gypsum-close-recycling-centre (last ok 20170822) | news.leicester.gov.uk/news-articles/2020/may/city-s-gypsum-close-recycling-site-to-reopen (last ok 20250811) | news.leicester.gov.uk/news-articles/2017/march/maintenance-work-at-gypsum-close-recycling-centre (last ok 20210924),t a new household waste recycling centre on the site of a former brick works at gypsum close began on 30th june 2014. the new centre will be run by leicester city council. it has been designed as a re
729,Gainsborough H W R C,Lincolnshire,opening,2015,2025,gainsborough,existed before EA records start,,2011 2012 2014 2015 2016 2020 2021 2022 2023 2024 2025,2011 2012 2014 2015 2016 2020 2021 2022 2023 2024 2025,2011 2012 2014 2015 2016 2020 2021 2022 2023 2024 2025,lincolnshire.gov.uk/gainsborough-recycling-centre (last ok 20250612) | lincolnshire.gov.uk:80/recycle-for-lincolnshire/gainsborough-household-waste-recycling-centre/66973.article (last ok 20160419) | lincolnshire.gov.uk/residents/environment-and-planning/recycling-and-waste/household-waste-recycling-centres-(hwrc)/gainsborough-household-waste-recycling-centre/66973.article (last ok 20121109),ycling centres in lincolnshire: boston recycling centre bourne recycling centre gainsborough recycling centre grantham recycling centre kirkby on bain recycling centre lincoln recycling centre louth r
730,Caulklands Quarry Landfill Site,North Yorkshire,closure and opening,2015,2018,caulklands quarry,unclear,name never found on the archived pages (name may differ),,,2013 2014 2015 2016 2017 2018 2019 2020 2021 2022 2023 2024 2025,,
731,Cottesmore H W R C,Rutland,closure and opening,2015,2018,cottesmore,still open after EA records end; opening unclear,,2017 2019 2020 2021 2022 2023 2024 2025,2017 2019 2020 2021 2022,2017 2019 2020 2021 2022 2023 2024 2025,rutland.gov.uk/my-council/news-archive/2017-archive/cottesmore-recycling-centre-closure (last ok 20211103) | rutland.gov.uk/my-council/news-archive/2019-archive/limits-on-trailer-sizes-at-cottesmore-recycling-centre (last ok 20221128) | rutland.gov.uk/my-council/council-news/advance-booking-for-the-reopening-of-the-cottesmore-recycling-centre-is-now-live (last ok 20220525),"ty sites rut land has two large civic amenity sites at the following locations: cottesmore civic amenity site, burley road, cottesmore, le15 7bz north luffenham civic amenity site, willoughby road, mo"
732,"Lewisham Recycling & Waste Reception Centre, Landmann Way",Southwark,closure and opening,2015,2016,lewisham reception,unclear,name never found on the archived pages (name may differ),,,2016 2017 2018 2019 2021 2022 2023 2024 2025,,
733,Kington Household Recycling Centre,"Herefordshire, County of",opening,2016,2025,kington,existed before EA records start,,2012 2013 2016 2019 2020 2021 2022 2023 2024 2025,2016 2020 2021 2023 2024 2025,2012 2013 2014 2015 2016 2019 2020 2021 2022 2023 2024 2025,herefordshire.gov.uk/directory-record/35/kington_household_recycling_centre (last ok 20250315) | herefordshire.gov.uk/directory-record/35/kington-household-recycling-centre (last ok 20250713) | herefordshire.gov.uk/directories/household-waste-and-recycling-centres-directory/kington-household-recycling-centre (last ok 20251118),(matched with spaces removed) kington
734,Tenbury Household Recycling Centre,Worcestershire,opening,2016,2025,tenbury,opening unclear,,2018 2023 2024 2025,2018 2024 2025,2018 2022 2023 2024 2025,worcestershire.gov.uk/lets-waste-less/household-recycling-centres/household-recycling-centres-worcestershire/tenbury-wells-household-recycling-centre (last ok 20250625) | worcestershire.gov.uk:80/letswasteless/directory_record/10/tenbury_wells/category/2/household_recycling_centres_in_worcestershire (last ok 20180111),llow road kidderminster malvern pershore (hill & moor) redditch 1 4 stourport 2 tenbury upton bromyard hereford (rotherwas) 7 1 ledbury 1 leominster ross-on-wye 1 kington total 9 8 household recycling
735,Chanters Household Waste Recycling Centre,Wigan,opening,2016,2025,chanters,existed before EA records start,,2012,,2012,,"1bz slag lane site location map (external link) normally daily 8.00am to 9.00pm chanters industrial estate, arley way, off tyldesley old road, atherton, m46 9ff chanters industrial estate site locatio"
736,Chester Road Civic Amenity Site,Shropshire,closure and opening,2016,2016,chester,unclear,name never found on the archived pages (name may differ),,,2012 2013 2014 2015 2016 2017 2018 2019 2020 2021 2022 2023 2024 2025,,
737,Severn Waste Transfer Station,Worcestershire,opening,2016,2025,severn,opening unclear,,2018 2023 2024 2025,2018 2023 2024 2025,2018 2022 2023 2024 2025,worcestershire.gov.uk/lets-waste-less/household-recycling-centres/household-recycling-centres-worcestershire/stourport-severn-household-recycling-centre (last ok 20250720) | worcestershire.gov.uk/lets-waste-less/household-recycling-centres/household-recycling-centres-worcestershire/upton-upon-severn-household-recycling-centre (last ok 20250720) | worcestershire.gov.uk:80/letswasteless/directory_record/11/upton-upon-severn/category/2/household_recycling_centres_in_worcestershire (last ok 20180111),"es and the brown bins, and to order in bulk please visit the greengrow website. severn waste recording equipment severn waste services (sws) utilise image recording equipment for the safety and protec"
738,Uttoxeter HWRC,Staffordshire,opening,2016,2025,uttoxeter,existed before EA records start,,2011 2012 2014 2015 2016 2019 2020 2021 2022 2023 2024 2025,2011 2012 2014 2015 2016 2019 2020 2021 2022 2023 2024 2025,2011 2012 2014 2015 2016 2019 2020 2021 2022 2023 2024 2025,staffordshire.gov.uk/waste-and-recycling/recyclingcentres/uttoxeterrecyclingcentre.aspx (last ok 20251211) | staffordshire.gov.uk:80/environment/rubbishwasteandrecycling/recyclingcentres/uttoxeterrecyclingcentre.aspx (last ok 20150520) | staffordshire.gov.uk/environment/rubbishwasteandrecycling/recyclingcentres/uttoxeterrecyclingcentre.aspx (last ok 20160401),
739,Somerley B H W S,Hampshire,opening,2016,2025,somerley,existed before EA records start,,2011 2012 2013 2014 2015 2016 2021 2022 2023 2024 2025,2011 2012 2013 2014 2015 2016 2021 2022 2023 2024 2025,2011 2012 2013 2014 2015 2016 2019 2020 2021 2022 2023 2024 2025,www3.hants.gov.uk/waste-and-recycling/hwrcs-2/find-hwrc/environment-waste__amp__recycling-somerley_hwrc.htm (last ok 20150402) | hants.gov.uk/wasteandrecycling/recyclingcentres/hwrcfinder/somerley (last ok 20251010) | www3.hants.gov.uk:80/waste-and-recycling/hwrcs-2/find-hwrc/environment-waste__amp__recycling-somerley_hwrc.htm (last ok 20140408)," investment required. aldershot bordon casbrook hedge end marchwood petersfield somerley tier 4 smallest sites, poorest performing, most expensive to run alresford bishops waltham fair oak hartley win"
740,Middlefields Waste Reception Site,South Tyneside,opening,2016,2025,middlefields reception,opening unclear,,2019 2021,2019 2021,2019 2021,southtyneside.gov.uk/article/58467/middlefields-industrial-estate-recycling-point- (last ok 20190719) | southtyneside.gov.uk/article/58467/middlefields-recycling-point- (last ok 20211130),
741,Eastleigh Household Waste Recycling Centre,Hampshire,opening,2016,2025,eastleigh,existed before EA records start,,2011 2012 2013 2014 2015 2016 2020 2021 2022 2023 2024 2025,2011 2012 2013 2014 2015 2016 2020 2021 2022 2023 2024 2025,2011 2012 2013 2014 2015 2016 2019 2020 2021 2022 2023 2024 2025,www3.hants.gov.uk:80/wasteandrecycling/recyclingcentres/hwrc-eastleigh.htm (last ok 20160921) | hants.gov.uk/wasteandrecycling/recyclingcentres/hwrcfinder/eastleigh (last ok 20251015) | hants.gov.uk/transport/transportschemes/tcfeastleightowncentrecycleroute (last ok 20250914),"its per day at peak times** alton 446 552 andover 674 856 basingstoke 752 1,098 eastleigh 538 731 gosport 818 1,025 havant 666 851 segensworth 702 879 waterlooville 659 847 *visitor counts are taken f"
742,Works Depot,Surrey,opening,2016,2025,works,existed before EA records start,,2012 2017 2020,2020,2012 2013 2014 2015 2016 2017 2018 2019 2020 2021 2022 2023 2024 2025,surreycc.gov.uk/jobs/tips-and-guidance/online-disclosure-and-barring-service/how-the-online-dbs-service-works (last ok 20200926)," site officially opening, it will be shut to the public so that the improvement works can be finalised. residents will be asked to use the alternative facilities during this period. improvements to th"
743,Chalvey H W R C & Transfer Station,Slough,opening,2016,2025,chalvey,existed before EA records start,,2012 2013 2014 2016 2017 2018 2019 2020 2021 2022 2023 2024 2025,2012 2013 2014 2016 2017 2018 2019 2020 2022 2023 2024 2025,2012 2013 2014 2016 2017 2018 2019 2020 2021 2022 2023 2024 2025,slough.gov.uk:80/bins-and-recycling/acceptance-guidance---chalvey.aspx (last ok 20200129) | slough.gov.uk/household-waste-recycling-centres-waste-transfer-station/household-items-accepted-chalvey-household-waste-recycling-centre (last ok 20251205) | slough.gov.uk/household-waste-recycling-centres-waste-transfer-station/opening-hours-chalvey-household-waste-recycling-centre (last ok 20251205),tion in this section page 1 / 6 you are here: local waste and recycling centres chalvey household waste recycling centre acceptance guidance and items we don't accept items we do accept waste transfer
744,Hemel Hempstead H W R C,Hertfordshire,opening,2016,2025,hemel hempstead,opening unclear,,2016 2019 2020 2021 2022 2023 2024 2025,2016 2019 2020 2021 2022 2023 2024 2025,2016 2019 2020 2021 2022 2023 2024 2025,hertfordshire.gov.uk/services/recycling-waste-and-environment/recycling-and-waste/where-can-i-recycle/household-waste-recycling-centres/hemel-hempstead-household-waste-recycling-centre.aspx (last ok 20251213) | hertfordshire.gov.uk:80/services/envplan/waste/wasteaware/yrservices/hwrc/hwrc2/hemel (last ok 20161016) | hertfordshire.gov.uk/services/recycling-waste-and-environment/countryside-management/walking-events/current/dacorum-health-walks-may-aug-2018/gadebridge-park-hemel-hempstead-monday-grade-2.aspx (last ok 20191014),
745,Bourne H W R C,Lincolnshire,opening,2016,2025,bourne,existed before EA records start,,2011 2012 2013 2014 2015 2016 2020 2021 2022 2023 2024 2025,2011 2012 2013 2014 2015 2016 2020 2021 2023 2024 2025,2011 2012 2013 2014 2015 2016 2020 2021 2022 2023 2024 2025,lincolnshire.gov.uk/bourne-recycling-centre (last ok 20251213) | lincolnshire.gov.uk:80/residents/environment-and-planning/recycling-and-waste/household-waste/household-waste-recycling-centres-(hwrc)/bourne-household-waste-recycling-centre/66970.article (last ok 20110316) | lincolnshire.gov.uk/residents/environment-and-planning/recycling-and-waste/household-waste-recycling-centres-(hwrc)/bourne-household-waste-recycling-centre/66970.article (last ok 20121109),ng centre we have 11 recycling centres in lincolnshire: boston recycling centre bourne recycling centre gainsborough recycling centre grantham recycling centre kirkby on bain recycling centre lincoln 
746,Burgess Hill Household Waste Recycling Site & Waste Transfer Station,West Sussex,closure and opening,2016,2018,burgess hill,still open after EA records end; opening unclear,,2019 2020 2021 2022 2023 2024 2025,2019 2020 2021 2022 2023 2024 2025,2019 2020 2021 2022 2023 2024 2025,westsussex.gov.uk/land-waste-and-housing/waste-and-recycling/recycling-and-waste-prevention/recycling-centres/burgess-hill-recycling-centre (last ok 20251114) | westsussex.gov.uk/find-my-nearest/recycling-centre/details/api/type/recyclingsite/view/burgess-hill (last ok 20250815) | westsussex.gov.uk/land-waste-and-housing/waste-and-recycling/recycling-and-waste-prevention-in-west-sussex/household-waste-recycling-sites/burgess-hill-household-waste-recycling-site (last ok 20210419), your nearest site billingshurst recycling centre bognor regis recycling centre burgess hill recycling centre chichester recycling centre crawley recycling centre east grinstead recycling centre horsh
747,Cole Green H W R C,Hertfordshire,closure and opening,2016,2023,cole,confirmed closure; opening unclear,"last listed 2023, missing from 2024",2019 2020 2021 2022 2023,2019 2020 2021 2022 2023,2019 2020 2021 2022 2023 2024 2025,hertfordshire.gov.uk/services/recycling-waste-and-environment/recycling-and-waste/where-can-i-recycle/household-waste-recycling-centres/cole-green-household-waste-recycling-centre.aspx (last ok 20230208) | hertfordshire.gov.uk/services/recycling-waste-and-environment/countryside-management/news/20170905-new-greenspace-action-plan-for-cole-green-way.aspx (last ok 20191216) | hertfordshire.gov.uk/services/recycling-waste-and-environment/countryside-management/news/20180207-new-greenspace-action-plan-for-cole-green-way.aspx (last ok 20191208),
748,Western Road H W R C,Haringey,opening,2016,2025,western,existed before EA records start,,2013 2014 2015 2016 2017 2018 2019 2020 2021 2022 2023 2024 2025,2024 2025,2013 2014 2015 2016 2017 2018 2019 2020 2021 2022 2023 2024 2025,haringey.gov.uk/rubbish-recycling/recycling/reuse-recycling-centres-banks-donations-collections/western-road-reuse-recycling-centre (last ok 20251208) | new.haringey.gov.uk/rubbish-recycling/recycling/reuse-recycling-centres-banks-donations-collections/western-road-reuse-recycling-centre (last ok 20241005),"city academy school. note : hornsey reuse and recycling centre has replaced the western road site in wood green, which is no longer open to the public. â© crown copyright. all rights reserved lbh (100"
749,Hornsey Street Re-use & Recycling Centre,Islington,opening,2016,2025,hornsey,opening unclear,,2017 2019 2020 2021 2022 2023 2024 2025,,2017 2019 2020 2021 2022 2023 2024 2025,,cycling and rubbish at the reuse and recycling centre (rrc). contact details 40 hornsey street islington n7 8hu tel: 020 8884 5645 opening hours monday to saturday - 8am to 8pm sunday and public holid
750,Chigwell Road Reuse And Recycling Centre,Redbridge,opening,2016,2025,chigwell,existed before EA records start,,2013 2014 2015 2016 2017 2019 2020 2021 2022 2023 2024 2025,2013 2014 2015 2016 2017 2019 2020 2021 2022 2023 2024 2025,2013 2014 2015 2016 2017 2019 2020 2021 2022 2023 2024 2025,redbridge.gov.uk/bins-waste-and-recycling/chigwell-road-tip-reuse-and-recycling (last ok 20240716) | eforms.redbridge.gov.uk/vehicle-authorisation-form-for-chigwell-road-reuse-and-recycling-centre (last ok 20251111) | redbridge.gov.uk/map/recycling-points/chigwell-road-near-waltham-road (last ok 20160420), chigwell road reuse and recycling centre skip to main content redbridge i search login sign up planning view planning ap
751,Jenkins Lane Reuse And Recycling Centre,Newham,opening,2016,2025,jenkins,unclear,no archived list page found,,,,,
752,Clitheroe Household Waste Recycling Centre,Lancashire,opening,2017,2025,clitheroe,existed before EA records start,,2013 2014 2015 2016 2017 2018 2019 2020 2021 2022 2023 2024 2025,2013 2014 2015 2016 2017 2018 2019 2020 2021 2022 2023 2024 2025,2013 2014 2015 2016 2017 2018 2019 2020 2021 2022 2023 2024 2025,lancashire.gov.uk/waste-and-recycling/recycling-centres/clitheroe (last ok 20251226) | lancashire.gov.uk:80/waste-and-recycling/recycling-centres/clitheroe.aspx (last ok 20180104) | new.lancashire.gov.uk:80/waste-and-recycling/recycling-centres/clitheroe.aspx (last ok 20140819)," 7sr carnforth scotland road, carnforth, la5 9rq chorley coppull road, chorley, clitheroe henthorn road, clitheroe, bb7 2qf farington flensburg way, farington moss, leyland, pr25 2tb fleetwood jameson"
753,Chester Road Civic Amenity Site,Trafford,closure and opening,2017,2022,chester,still open after EA records end; existed before EA records start,,2011 2012 2013 2014 2015 2016 2017 2018 2019 2020 2021 2022 2023 2024 2025,2011 2012 2013 2014 2015 2016 2017 2018 2019 2020 2021 2022 2023 2024 2025,2011 2012 2013 2014 2015 2016 2017 2018 2019 2020 2021 2022 2023 2024 2025,recycleforgreatermanchester.com (last ok 20251231) | recycleforgreatermanchester.com:80 (last ok 20180112) | upandforward.recycleforgreatermanchester.com (last ok 20240520),(matched with spaces removed) chester
754,Hickman Avenue Waste And Recycling Depot,Wolverhampton,closure and opening,2017,2018,hickman avenue,unclear,name never found on the archived pages (name may differ),,,2014 2019 2020 2021 2022 2023 2024 2025,,
755,Skibeden Quarry Landfill Site,North Yorkshire,opening,2017,2025,skibeden quarry,unclear,name never found on the archived pages (name may differ),,,2013 2014 2015 2016 2017 2018 2019 2020 2021 2022 2023 2024 2025,,
756,"Lewisham Recycling & Waste Reception Centre, Landmann Way",Lewisham,opening,2017,2025,lewisham reception,existed before EA records start,,2011 2021 2022 2023 2024 2025,2011 2021 2022 2023 2024 2025,2011 2019 2020 2021 2022 2023 2024 2025,lewisham.gov.uk/myservices/wasterecycle/cleaner-lewisham (last ok 20250318) | lewisham.gov.uk/myservices/recycling-and-rubbish/cleaner-lewisham (last ok 20251113) | lewisham.gov.uk/articles/news/lewisham-council-launches-survey-on-strategy-to-reuse-repair-and-recycle (last ok 20251109),
757,Portsmouth M R Fand H W R C,Portsmouth,closure and opening,2018,2018,portsmouth fand,still open after EA records end; existed before EA records start,,2013 2014 2016 2017 2020 2021 2022 2023 2024 2025,2013 2014 2016 2017 2020 2021 2022 2023 2024 2025,2013 2014 2016 2017 2020 2021 2022 2023 2024 2025,portsmouth.gov.uk/services/coronavirus-covid-19/council-services-coronavirus-information/portsmouth-hwrc-coronavirus-information (last ok 20211216) | portsmouth.gov.uk/services/business/business-with-the-council/advertise-with-portsmouth-city-council/advertising-at-port-solent-recycling-centre (last ok 20250507) | portsmouth.gov.uk/services/recycling-and-rubbish/local-recycling-points/portsmouth-hwrc (last ok 20231222),
758,Thorn Turn Home Waste Recycling Centre,Central Bedfordshire,opening,2018,2025,thorn turn,opening unclear,,2018 2019 2024 2025,2018 2019 2024 2025,2018 2019 2024 2025,centralbedfordshire.gov.uk:80/waste/tidy-tips/reuse-shop-thorn-turn.aspx (last ok 20190714) | centralbedfordshire.gov.uk/info/304/household_waste_recycling_centres_tidy_tips/1672/reuse_shop_at_thorn_turn_household_waste_recycling_centre_tidy_tip_houghton_regis (last ok 20251012) | centralbedfordshire.gov.uk/info/304/household_waste_recycling_centres_tidy_tips/1673/trade_waste_and_recycling_at_thorn_turn_household_waste_recycling_centre_tidy_tip (last ok 20251108),sehold waste recycling centre leighton buzzard household waste recycling centre thorn turn household waste recycling centre what we do/don't accept what waste will we accept? what waste will we not ac
759,Boston H W R C Site,Lincolnshire,opening,2018,2025,boston,existed before EA records start,,2011 2012 2013 2014 2015 2016 2020 2021 2022 2023 2024 2025,2011 2012 2013 2014 2015 2016 2020 2021 2022 2023 2024 2025,2011 2012 2013 2014 2015 2016 2020 2021 2022 2023 2024 2025,lincolnshire.gov.uk/boston-recycling-centre (last ok 20251113) | lincolnshire.gov.uk/residents/environment-and-planning/recycling-and-waste/household-waste-recycling-centres-(hwrc)/boston-household-waste-recycling-centre/66967.article (last ok 20121109) | lincolnshire.gov.uk/directory-record/3906/boston-recycling-centre (last ok 20250710),ng centre find a recycling centre we have 11 recycling centres in lincolnshire: boston recycling centre bourne recycling centre gainsborough recycling centre grantham recycling centre kirkby on bain r
760,Buntingford Depot,Hertfordshire,opening,2018,2025,buntingford,existed before EA records start,,2016 2019 2020 2021 2022,2016 2019 2020 2021 2022,2016 2019 2020 2021 2022 2023 2024 2025,hertfordshire.gov.uk/services/recycling-waste-and-environment/recycling-and-waste/where-can-i-recycle/household-waste-recycling-centres/buntingford-household-waste-recycling-centre.aspx (last ok 20221206) | hertfordshire.gov.uk:80/services/envplan/waste/wasteaware/yrservices/hwrc/hwrc2/buntingford (last ok 20160703),
761,Truro Household Waste Recycling Centre,Cornwall,opening,2019,2025,truro,confirmed opening,,2019 2020 2021 2022 2023 2024 2025,2019 2022,2014 2015 2016 2017 2018 2019 2020 2021 2022 2023 2024 2025,cornwall.gov.uk/council-and-democracy/council-news-room/media-releases/news-from-2019/news-from-september-2019/new-truro-household-waste-recycling-centre-open-today (last ok 20191112) | old.cornwall.gov.uk/council-and-democracy/council-news-room/media-releases/news-from-2019/news-from-september-2019/new-truro-household-waste-recycling-centre-open-today (last ok 20220630)," and recycling centre tintagel (bowithick) household waste and recycling centre truro household waste and recycling centre what kinds of waste do you charge for? there are charges for asbestos, plaste"
762,Crowndale Transfer Station & Civic Amenity Site,Devon,opening,2019,2025,crowndale,existed before EA records start,,2011 2012 2013 2014 2015 2016 2019 2020 2021 2022 2023 2024 2025,2011 2012 2013 2014 2015 2016 2019 2020 2021 2022 2023 2024 2025,2011 2012 2013 2014 2015 2016 2017 2019 2020 2021 2022 2023 2024 2025,devon.gov.uk/wasteandrecycling/centre/crowndale-recycling-centre (last ok 20251116) | devon.gov.uk/index/environmentplanning/recycling/recycling_centres/crowndale.htm (last ok 20160331) | devon.gov.uk/communities/assets/crowndale-recycling-centre (last ok 20250414), crowndale recycling centre - waste and recycling skip to content devon county council menu council updates devon news de
763,Clay Flats Workington C A,Cumberland,opening,2019,2025,clay flats,opening unclear,,2024 2025,2024 2025,2022 2024 2025,cumberland.gov.uk/bins-recycling-and-street-cleaning/recycling/find-household-waste-recycling-centre/workington-clay-flatts-household-waste-recycling-centre (last ok 20250517),
764,Ambleside C A,Westmorland and Furness,opening,2019,2025,ambleside,opening unclear,,2024 2025,2024 2025,2022 2023 2024 2025,westmorlandandfurness.gov.uk/bins-recycling-and-street-cleaning/recycling/find-household-waste-recycling-centre-hwrc/ambleside-household-waste-recycling-centre (last ok 20251114) | westmorlandandfurness.gov.uk/bins-recycling-and-street-cleaning/recycling/find-household-waste-recycling-centre/ambleside-household-waste-recycling-centre (last ok 20240529) | westmorlandandfurness.gov.uk/bins-recycling-and-street-cleaning/status/ambleside-wray-castle-area-neam-cragg-langdale-area (last ok 20250315), information go to the cumberland council website. find our sites in cumberland ambleside - household waste recycling centre open seven days a week from 8am to 6pm. barrow - household waste recycling 
765,"Rotherwas Household Waste Site, Transfer Station & M R F","Herefordshire, County of",opening,2019,2025,rotherwas,confirmed opening,,2020 2021 2022 2023 2024 2025,,2012 2013 2014 2015 2019 2020 2021 2022 2023 2024 2025,,"esday, saturday and sunday book to visit bromyard hrc hereford hrc chapel road, rotherwas, hereford no booking required 8am to 6pm - 7 days per week kington hrc eardisley road, kington open for pre-bo"
766,Dimmer Household Waste Recycling Centre,Somerset,opening,2019,2025,dimmer,opening unclear,,2023 2024 2025,,2023 2024 2025,,"ay 9:00am - 6:00pm saturday 9:00am - 4:00pm sunday 9:00am - 4:00pm castle cary (dimmer) recycling centre address castle cary recycling centre, dimmer lane, castle cary ba7 7jb, uk opening times today "
767,"Bredbury Parkway H W R C, T L S, I V C And M B T Facility",Stockport,closure and opening,2019,2021,bredbury parkway,still open after EA records end; existed before EA records start,,2017 2018 2019 2020 2021 2022 2023 2024 2025,2017 2019 2020 2021 2022 2023 2024 2025,2011 2012 2013 2014 2015 2016 2017 2018 2019 2020 2021 2022 2023 2024 2025,recycleforgreatermanchester.com/recycle-centre/bredbury-parkway-recycling-centre (last ok 20251006) | recycleforgreatermanchester.com:80/recycle-centre/bredbury-parkway-recycling-centre (last ok 20171109) | recycleforgreatermanchester.com/recycle-centre/bredbury-parkway-recycling-centre/bredbury_hwrc_large_map (last ok 20230605),"n reliance street, newton heath arkwright sreet chichester street cobden street bredbury parkway, bredbury bayley street, stalybridge you will need to take your recent council tax bill or utility bill"
768,Nuffield Waste Transfer Station & Civic Amenity Site,"Bournemouth, Christchurch and Poole",opening,2019,2025,nuffield,existed before EA records start,,2016 2025,,2016 2017 2024 2025,," view a map of all available locations. poole recycling centre address 92 to 98 nuffield road poole bh17 0rs opening times our recycling centres are open on bank holidays (excluding christmas day, box"
769,Pudsey Household Waste Recycling,Leeds,opening,2019,2025,pudsey,existed before EA records start,,2013 2014 2015 2016 2017 2019 2020 2021 2022 2023 2024 2025,2013 2014 2015 2016 2017 2019 2020 2021 2022 2023 2024 2025,2013 2014 2015 2016 2017 2019 2020 2021 2022 2023 2024 2025,leeds.gov.uk:80/residents/pages/pudseyrecyclingsite.aspx (last ok 20171018) | leeds.gov.uk/residents/bins-and-recycling/recycling-sites/pudsey-grangefield-household-waste-sorting-site (last ok 20240304) | leeds.gov.uk/residents/pages/pudseyrecyclingsite.aspx (last ok 20220119),"nd people would be directed to alternative recycling sites at meanwood road and pudsey. once operational, increases in recycling at the kirkstall road site could generate savings of £25,000 per year. "
770,Catterick Bridge H W R C,North Yorkshire,opening,2019,2025,catterick bridge,existed before EA records start,,2013 2014 2015 2016 2017 2018 2019 2020 2021 2022 2023 2024 2025,2013 2014 2015 2016 2017 2019 2020 2021 2022 2023 2024 2025,2013 2014 2015 2016 2017 2018 2019 2020 2021 2022 2023 2024 2025,northyorks.gov.uk/catterick-bridge-household-waste-recycling-centre (last ok 20230306) | northyorks.gov.uk/bins-recycling-and-waste/household-waste-recycling-centres/find-your-local-household-waste-recycling-centre/catterick-bridge-household-waste-recycling-centre (last ok 20251230) | northyorks.gov.uk:80/article/25406/catterick-bridge-household-waste-recycling-centre (last ok 20170529),le household waste recycling centres burniston household waste recycling centre catterick bridge household waste recycling centre ferrybridge household waste recycling centre harrogate household waste
771,Nab Lane H W S,Kirklees,closure and opening,2019,2024,nab,unclear,no archived list page found,,,,,
772,Middleton Household Waste Recycling Centre,Leeds,opening,2019,2025,middleton,existed before EA records start,,2013 2014 2015 2016 2017 2018 2021 2022 2023 2024 2025,2013 2014 2015 2016 2017 2018 2021 2022 2023 2024 2025,2013 2014 2015 2016 2017 2018 2019 2020 2021 2022 2023 2024 2025,leeds.gov.uk:80/residents/pages/middleton(holmewellroad)recyclingsite.aspx (last ok 20180103) | leeds.gov.uk/residents/pages/middleton(holmewellroad)recyclingsite.aspx (last ok 20250917) | leeds.gov.uk/residents/pages/middleton%28holmewellroad%29recyclingsite.aspx (last ok 20230328),
773,Stanford Waste Recycling And Reception Centre,Oxfordshire,opening,2019,2025,stanford reception,existed before EA records start,,2016 2017 2019 2020 2021 2022 2023 2024 2025,2016 2017 2019 2020 2021 2022 2023 2024 2025,2011 2012 2013 2016 2017 2018 2019 2020 2021 2022 2023 2024 2025,oxfordshire.gov.uk/residents/environment-and-planning/waste-and-recycling/household-waste/household-waste-recycling-centres/stanford-vale-recycling-centre (last ok 20250114) | oxfordshire.gov.uk/waste-and-recycling/household-waste/household-waste-recycling-centres/stanford-vale-recycling-centre (last ok 20251015) | oxfordshire.gov.uk/cms/content/stanford-vale-household-waste-recycling-centre (last ok 20170305),
774,Lount Recycling And Household Waste Site,Leicestershire,opening,2019,2025,lount,existed before EA records start,,2011 2012 2016 2020 2021 2022 2023 2024 2025,2011 2012 2016 2020 2021 2022 2023 2024 2025,2011 2012 2016 2019 2020 2021 2022 2023 2024 2025,leicestershire.gov.uk/environment-and-planning/waste-and-recycling/find-a-recycling-and-household-waste-site/lount-recycling-and-household-waste-site (last ok 20250713) | leicestershire.gov.uk:80/environment-and-planning/waste-and-recycling/find-a-recycling-and-household-waste-site/lount-recycling-and-household-waste-site (last ok 20160925) | leicestershire.gov.uk:80/find-a-recycling-and-household-waste-site/lount-recycling-and-household-waste-site (last ok 20160522),
775,Former Coal Stocking Yard,Derbyshire,opening,2019,2025,coal stocking,unclear,no archived list page found,,,,,
776,Winchester H W R C,Hampshire,opening,2019,2025,winchester,existed before EA records start,,2011 2012 2013 2014 2015 2016 2019 2020 2021 2022 2023 2024 2025,2011 2012 2013 2014 2015 2016 2020 2021 2022 2023 2024 2025,2011 2012 2013 2014 2015 2016 2019 2020 2021 2022 2023 2024 2025,www3.hants.gov.uk:80/waste-and-recycling/hwrcs-2/find-hwrc/environment-waste__amp__recycling-winchester_hwrc.htm (last ok 20150521) | www3.hants.gov.uk/waste-and-recycling/hwrcs-2/find-hwrc/environment-waste__amp__recycling-winchester_hwrc.htm (last ok 20150402) | hants.gov.uk/wasteandrecycling/recyclingcentres/hwrcfinder/winchester (last ok 20250917),il supplier services employee self service web accessibility contact the castle winchester so23 8uj accessibility privacy disclaimer 
777,Worksop Civic Amenity Site,Nottinghamshire,opening,2019,2025,worksop,existed before EA records start,,2011 2012 2013 2016 2017 2018 2019 2020 2021 2022 2023 2024 2025,2016 2017 2018 2019 2020 2021 2022 2023 2024 2025,2011 2012 2013 2014 2015 2016 2017 2018 2019 2020 2021 2022 2023 2024 2025,nottinghamshire.gov.uk:80/waste-and-recycling/recycling-centres/details/worksop (last ok 20181212) | nottinghamshire.gov.uk/waste-and-recycling/recycling-centres/details/worksop (last ok 20251118)," lane, warsop, ng20 0jg west bridgford hwrc rugby road, west bridgford, ng2 7ha worksop hwrc shireoaks road, worksop, s80 3ha you can recycle... the following items can be recycled o n site: glass pap"
778,Oadby Recycling And Household Waste Site,Oxfordshire,closure and opening,2019,2019,oadby,unclear,name never found on the archived pages (name may differ),,,2011 2012 2013 2016 2017 2018 2019 2020 2021 2022 2023 2024 2025,,
779,Gallymoor Household Waste Recycling Centre,East Riding of Yorkshire,opening,2019,2025,gallymoor,unclear,name never found on the archived pages (name may differ),,,2025,,
780,Caulklands Quarry Landfill Site,North Yorkshire,opening,2019,2025,caulklands quarry,unclear,name never found on the archived pages (name may differ),,,2013 2014 2015 2016 2017 2018 2019 2020 2021 2022 2023 2024 2025,,
781,Cottesmore H W R C,Rutland,opening,2019,2025,cottesmore,existed before EA records start,,2017 2019 2020 2021 2022 2023 2024 2025,2017 2019 2020 2021 2022,2017 2019 2020 2021 2022 2023 2024 2025,rutland.gov.uk/my-council/news-archive/2017-archive/cottesmore-recycling-centre-closure (last ok 20211103) | rutland.gov.uk/my-council/news-archive/2019-archive/limits-on-trailer-sizes-at-cottesmore-recycling-centre (last ok 20221128) | rutland.gov.uk/my-council/council-news/advance-booking-for-the-reopening-of-the-cottesmore-recycling-centre-is-now-live (last ok 20220525),"ty sites rut land has two large civic amenity sites at the following locations: cottesmore civic amenity site, burley road, cottesmore, le15 7bz north luffenham civic amenity site, willoughby road, mo"
782,Lyne Lane Civic Amenity Site,Surrey,opening,2019,2025,lyne,existed before EA records start,,2011 2012 2013 2014 2015 2016 2017 2018 2019 2020 2021 2022 2023 2024 2025,2011 2012 2013 2014 2015 2016 2017 2019 2020 2021 2022 2023 2024 2025,2011 2012 2013 2014 2015 2016 2017 2018 2019 2020 2021 2022 2023 2024 2025,surreycc.gov.uk/waste-and-recycling/community-recycling-centres/lyne (last ok 20251012) | surreycc.gov.uk:80/environment-housing-and-planning/waste-and-recycling/where-to-take-your-waste-and-recycling/community-recycling-centres-household-waste-and-recycling-centres/lyne-community-recycling-centre (last ok 20160901) | surreycc.gov.uk/environment-housing-and-planning/waste-and-recycling/where-to-take-your-waste-and-recycling/community-recycling-centres/lyne-community-recycling-centre (last ok 20130619),nd transfer station leatherhead community recycling centre and transfer station lyne community recycling centre sunbury community recycling centre and transfer station warlingham community recycling c
783,Billingshurst Household Waste Recycling Site,West Sussex,opening,2019,2025,billingshurst,opening unclear,,2019 2020 2021 2022 2023 2024 2025,2019 2020 2021 2022 2023 2024 2025,2019 2020 2021 2022 2023 2024 2025,westsussex.gov.uk/land-waste-and-housing/waste-and-recycling/recycling-and-waste-prevention/recycling-centres/billingshurst-recycling-centre (last ok 20250916) | westsussex.gov.uk/find-my-nearest/recycling-centre/details/api/type/recyclingsite/view/billingshurst (last ok 20250813) | westsussex.gov.uk/land-waste-and-housing/waste-and-recycling/recycling-and-waste-prevention-in-west-sussex/household-waste-recycling-sites/billingshurst-household-waste-recycling-site (last ok 20210418),ickup and trailer waste permit . recycling centres search for your nearest site billingshurst recycling centre bognor regis recycling centre burgess hill recycling centre chichester recycling centre c
784,Peterborough Household Waste Recycling Centre,Peterborough,opening,2019,2025,peterborough,existed before EA records start,,2015 2017 2019 2020 2021 2022 2023 2024 2025,2019 2021 2022 2023 2024 2025,2015 2017 2019 2020 2021 2022 2023 2024 2025,fis.peterborough.gov.uk/kb5/peterborough/directory/results.action (last ok 20230203) | peterborough.gov.uk/news/health-and-social-care/reduce-your-cancer-risk-with-tips-from-healthy-peterborough (last ok 20191208) | peterborough.gov.uk/bins-waste-and-recycling/waste-policy-and-operations/cambridgeshire-and-peterborough-waste-partnership (last ok 20251210), household recycling centre - rubbish and recycling skip to main content peterborough city council residents business council health and social care accessibility options font size standard 105
785,Kimpton Park Way H R R C,Sutton,opening,2019,2025,kimpton,opening unclear,,2021 2022 2023 2024 2025,2021 2022 2023 2024 2025,2021 2022 2023 2024 2025,sutton.gov.uk/w/household-reuse-and-recycling-centre-at-kimpton-park-way (last ok 20251206) | sutton.gov.uk/w/household-reuse-and-recycling-centre-at-kimpton-park-way-fair-usage-and-vehicle-access (last ok 20251011) | sutton.gov.uk/w/household-reuse-and-recycling-centre-at-kimpton-park-way-find-us-and-opening-times (last ok 20250828),
786,Dartford Heath,Kent,opening,2019,2025,dartford heath,existed before EA records start,,2011 2012 2013 2014 2015 2016 2017 2018 2019 2020 2021 2022 2023 2024 2025,2011 2012 2013 2014 2015 2016 2017 2018 2019 2020 2021 2022 2023 2024 2025,2011 2012 2013 2014 2015 2016 2017 2018 2019 2020 2021 2022 2023 2024 2025,kent.gov.uk/environment-waste-and-planning/rubbish-and-recycling/household-waste-recycling-centres/find-your-nearest-tip/dartford (last ok 20250521) | kent.gov.uk/environment_and_planning/recycling_and_rubbish/ways_to_recycle/waste_and_recycling_centres/dartford_and_gravesend_hwrcs.aspx (last ok 20130807) | kent.gov.uk:80/waste-planning-and-land/rubbish-and-recycling/find-your-nearest-tip/dartford (last ok 20180624),
787,Docking H W R C,Norfolk,opening,2019,2025,docking,existed before EA records start,,2016 2017 2019 2020 2021 2022 2023 2024 2025,2019 2020 2021 2022 2024 2025,2016 2017 2019 2020 2021 2022 2023 2024 2025,norfolk.gov.uk/article/62751/docking-part-time-recycling-centre (last ok 20250502) | norfolk.gov.uk/rubbish-recycling-and-planning/rubbish-and-recycling/find-your-local-recycling-centre/docking-part-time-recycling-centre (last ok 20220704) | norfolk.gov.uk/article/63116/book-to-visit-docking-recycling-centre (last ok 20250716),"k, rash’s green, dereham nr19 1jg more about dereham main recycling centre plus docking part time recycling centre location: docking common, fakenham road, pe31 8nn more about docking part time recycl"
788,Haverton Hill H W R C And Transfer Station,Isles of Scilly,closure and opening,2020,2020,haverton hill,unclear,name never found on the archived pages (name may differ),,,2020 2021 2022 2025,,
789,Blandford H W R C,Dorset,opening,2020,2025,blandford,existed before EA records start,,2016 2020 2021 2024,2016 2020 2021 2024,2016 2017 2020 2021 2022 2023 2024 2025,dorsetcouncil.gov.uk/bins-recycling-and-litter/recycling-centres-and-banks/blandford-recycling-centre.aspx (last ok 20210417) | dorsetcouncil.gov.uk/bins-recycling-and-litter/recycling-centres-and-banks/blandford-waste-management-centre.aspx (last ok 20210412) | dorsetcouncil.gov.uk/bins-recycling-and-litter/recycling-centres-and-banks/blandford-waste-management-centre (last ok 20240330),
790,Haverton Hill H W R C And Transfer Station,Oxfordshire,closure and opening,2021,2021,haverton hill,unclear,name never found on the archived pages (name may differ),,,2011 2012 2013 2016 2017 2018 2019 2020 2021 2022 2023 2024 2025,,
791,Norwich North Recycling Centre,Norfolk,opening,2021,2025,norwich,existed before EA records start,,2016 2017 2019 2020 2021 2022 2023 2024 2025,2020 2021 2022 2023 2024 2025,2016 2017 2019 2020 2021 2022 2023 2024 2025,norfolk.gov.uk/article/63126/book-to-visit-norwich-south-recycling-centre (last ok 20250520) | norfolk.gov.uk/article/63124/book-to-visit-norwich-north-recycling-centre (last ok 20250716) | norfolk.gov.uk/article/63127/book-to-visit-norwich-south-recycling-centre-trade (last ok 20250709),"re bergh apton part-time recycling centre location: wellbeck road, bergh apton, norwich nr15 1au more about bergh apton part-time recycling centre caister main recycling centre plus location: pump lan"
792,Norwich South Recycling Centre,Norfolk,opening,2021,2025,norwich,existed before EA records start,,2016 2017 2019 2020 2021 2022 2023 2024 2025,2020 2021 2022 2023 2024 2025,2016 2017 2019 2020 2021 2022 2023 2024 2025,norfolk.gov.uk/article/63126/book-to-visit-norwich-south-recycling-centre (last ok 20250520) | norfolk.gov.uk/article/63124/book-to-visit-norwich-north-recycling-centre (last ok 20250716) | norfolk.gov.uk/article/63127/book-to-visit-norwich-south-recycling-centre-trade (last ok 20250709),"re bergh apton part-time recycling centre location: wellbeck road, bergh apton, norwich nr15 1au more about bergh apton part-time recycling centre caister main recycling centre plus location: pump lan"
793,Hartcliffe Household Reuse And Recycling Centre,"Bristol, City of",opening,2022,2025,hartcliffe,existed before EA records start,,2012 2022 2023 2024 2025,2012,2011 2012 2013 2014 2015 2017 2018 2019 2020 2021 2022 2023 2024 2025,bristol.gov.uk/press/recycling-rubbish-and-waste/signs-go-new-hartcliffe-recycling-centre (last ok 20121005),"dday to 1.30pm on wednesday). if you’re visiting the recycling centres on foot (hartcliffe recycling centre only) or by bike, you do not need to book. please arrive 5 minutes before your slot starts a"
794,Pallion HWRC,Sunderland,opening,2022,2025,pallion,existed before EA records start,,2019 2020 2021 2022 2023 2024 2025,2023 2024,2019 2020 2021 2022 2023 2024 2025,sunderland.gov.uk/article/17179/pallion-hwrc-location-map-and-information (last ok 20240724) | sunderland.gov.uk/article/27236/pallion-household-waste-and-recycling-centre-shortlisted-for-major-national-award (last ok 20230606) | sunderland.gov.uk:443/article/17179/pallion-hwrc-location-map-and-information (last ok 20241114),e residents council news a new household recycling centre could be developed in pallion. a decision to begin more detailed development work for a major new household waste and recycling centre is befo
795,Haverton Hill H W R C And Transfer Station,Hartlepool,closure and opening,2022,2023,haverton hill,likely closure (never listed afterwards),"not on any list checked (2025 to 2025); no list from before 2024 to compare, and the council may use a different name",,,2025,,
796,Tattershall Household Waste Recycling Centre,Lincolnshire,opening,2022,2025,tattershall,confirmed opening,,2022 2023 2024 2025,2022 2023 2024 2025,2020 2021 2022 2023 2024 2025,lincolnshire.gov.uk/tattershall-recycling-centre (last ok 20250907) | lincolnshire.gov.uk/directory-record/70064/tattershall-recycling-centre (last ok 20251017) | lincolnshire.gov.uk/news/article/1131/tattershall-s-new-household-waste-recycling-centre-opens-its-doors-this-week (last ok 20220714),e skegness recycling centre sleaford recycling centre spalding recycling centre tattershall recycling centre the new tattershall site is located approximately half a mile south towards coningsby from 
797,Kibworth Recycling And Household Waste Site,Leicestershire,opening,2023,2025,kibworth,existed before EA records start,,2011 2012 2015 2016 2017 2020 2021 2022 2023 2024 2025,2011 2012 2015 2016 2017 2020 2021 2022 2023 2024 2025,2011 2012 2015 2016 2017 2019 2020 2021 2022 2023 2024 2025,leicestershire.gov.uk/environment-and-planning/waste-and-recycling/find-a-recycling-and-household-waste-site/kibworth-recycling-and-household-waste-site (last ok 20251116) | leicestershire.gov.uk/environment-and-planning/waste-and-recycling/development-of-kibworth-recycling-and-household-waste-site (last ok 20221205) | leicestershire.gov.uk:80/environment-and-planning/waste-and-recycling/find-a-recycling-and-household-waste-site/kibworth-recycling-and-household-waste-site (last ok 20170419),
798,Somerby C A Site,Leicestershire,closure and opening,2023,2024,somerby,still open after EA records end; existed before EA records start,,2011 2012 2016 2019 2020 2021 2022 2023 2024 2025,2011 2012 2016 2019 2020 2021 2022 2023 2024 2025,2011 2012 2016 2019 2020 2021 2022 2023 2024 2025,leicestershire.gov.uk/environment-and-planning/waste-and-recycling/find-a-recycling-and-household-waste-site/somerby-recycling-and-household-waste-site (last ok 20240917) | leicestershire.gov.uk/environment-and-planning/waste-and-recycling/find-a-recycling-and-household-waste-site/somerby-recycling-and-household-waste-site-closed (last ok 20250426) | leicestershire.gov.uk/index/environment/waste/recycling_sites_and_permits/recycling_household_waste_sites/wastesite_somerby/somerby_waste_site_map.htm (last ok 20120901),
799,Train Loading Bay,Hillingdon,closure and opening,2023,2023,train loading,unclear,name never found on the archived pages (name may differ),,,2022 2023 2024 2025,,
800,Preston Household Waste Recycling Centre,East Riding of Yorkshire,opening,2023,2025,preston,unclear,name never found on the archived pages (name may differ),,,2025,,
801,Tewin Road Household Waste Recycling Centre,Hertfordshire,opening,2023,2025,tewin,unclear,name never found on the archived pages (name may differ),,,2020 2021 2022 2023 2024 2025,,
802,Allington Household Waste Recycling Centre,Kent,opening,2023,2025,allington,existed before EA records start,,2020 2021 2022 2023 2024 2025,2020 2021 2022 2023 2024 2025,2020 2021 2022 2023 2024 2025,kent.gov.uk/environment-waste-and-planning/rubbish-and-recycling/household-waste-recycling-centres/find-your-nearest-tip/allington-household-waste-recycling-centre (last ok 20250907) | kent.gov.uk/environment-waste-and-planning/rubbish-and-recycling/managing-and-reducing-waste/reducing-waste/allington-waste-to-energy-facility-video-transcript (last ok 20210413) | kent.gov.uk/waste-planning-and-land/rubbish-and-recycling/reducing-waste/allington-waste-to-energy-facility-video-transcript (last ok 20201202), allington household waste recycling centre - kent county council your web browser is out of date. please upgrade your br
803,Altham Household Waste Recycling Centre,Lancashire,opening,2024,2025,altham,existed before EA records start,,2013 2014 2015 2016 2017 2018 2019 2020 2021 2022 2023 2024 2025,2013 2014 2015 2016 2017 2018 2019 2021 2022 2023 2024 2025,2013 2014 2015 2016 2017 2018 2019 2020 2021 2022 2023 2024 2025,lancashire.gov.uk:80/waste-and-recycling/recycling-centres/altham-whinney-hill.aspx (last ok 20180207) | lancashire.gov.uk/waste-and-recycling/recycling-centres/altham (last ok 20250717) | lancashire.gov.uk:80/waste-and-recycling/recycling-centres/altham-(whinney-hill).aspx (last ok 20151127),"ation about services in your area. find enter my location --> recycling centres altham (whinney hill) whinney hill road, altham, accrington, bb5 5en barnoldswick west close road, barnoldswick, bb18 5e"
804,Phoenix Yard,Essex,opening,2024,2025,phoenix yard,unclear,name never found on the archived pages (name may differ),,,2020 2022 2023 2024 2025,,
805,Bath Recycling Centre,Bath and North East Somerset,opening,2025,2025,bath,existed before EA records start,,2011 2012 2013 2014 2019 2020 2021 2022 2023 2024 2025,2011 2012 2013 2014 2020 2021 2022 2023 2024 2025,2011 2012 2013 2014 2019 2020 2021 2022 2023 2024 2025,beta.bathnes.gov.uk/bath-recycling-centre (last ok 20241010) | bathnes.gov.uk/bath-recycling-centre (last ok 20251017) | beta.bathnes.gov.uk/recycling-centres-bath (last ok 20240530),"login/register login/register --> bins, rubbish and recycling recycling centres bath recycling centre temporary closure bring it and win it diy waste duty of care hazardous waste reuse van permits was"
